date,postId,text,likesCount,repostsCount,commentsCount,viewsCount,url,_id
2020-05-04T17:39:32+03:00,7483,"}1 –ò–ö–¢–ò–ë –ù–ê –£–î–ê–õ–ï–ù–ö–ï 
 
–ì—Ä–∞—Ñ–∏–∫–∏ –¥–æ–±–æ—Ä–∞ –±–∞–ª–ª–æ–≤, –ø–µ—Ä–µ—Å–¥–∞—á –∏ —Ä–∞–±–æ—Ç—ã –∫–æ–º–∏—Å—Å–∏–π –ø–æ –ø—Ä–∏–µ–º—É –∑–∞–¥–æ–ª–∂–µ–Ω–Ω–æ—Å—Ç–µ–π üëâüèª http://ictis.sfedu.ru/grafiki-dobora-ballov/ 
 
‚ùì–ö–∞–∫ –ø–æ–ª—É—á–∏—Ç—å —Å–æ—Ü–∏–∞–ª—å–Ω—É—é —Å—Ç–∏–ø–µ–Ω–¥–∏—é? 
 
1. –ó–∞–ø–æ–ª–Ω–∏ –∑–∞—è–≤–ª–µ–Ω–∏–µ –∏ –ø–æ–¥–ø–∏—Å–∞—Ç—å –µ–≥–æ.
2. –°–¥–µ–ª–∞–π —Å–∫–∞–Ω –∏–ª–∏ –∫–∞—á–µ—Å—Ç–≤–µ–Ω–Ω–æ–µ —Ñ–æ—Ç–æ –∑–∞—è–≤–ª–µ–Ω–∏—è –∏ –ø–æ–¥—Ç–≤–µ—Ä–∂–¥–∞—é—â–µ–≥–æ –¥–æ–∫—É–º–µ–Ω—Ç–∞.
3. –û—Ç–ø—Ä–∞–≤—å —Å–∫–∞–Ω—ã –∑–∞—è–≤–ª–µ–Ω–∏—è –∏ –¥–æ–∫—É–º–µ–Ω—Ç–∞ —Å–æ —Å–≤–æ–µ–π –ø–æ—á—Ç—ã sfedu –Ω–∞ kumov@sfedu.ru. 
–®–∞–±–ª–æ–Ω—ã –¥–æ–∫—É–º–µ–Ω—Ç–æ–≤ —Ç—É—Ç https://vk.com/ictis_sfedu?w=wall-48632629_7300
 
‚ùì–ö–∞–∫ –ø–æ–ª—É—á–∏—Ç—å –º–∞—Ç–µ—Ä–∏–∞–ª—å–Ω—É—é –ø–æ–¥–¥–µ—Ä–∂–∫—É? 
 
1. –ó–∞–ø–æ–ª–Ω–∏ –∑–∞—è–≤–ª–µ–Ω–∏–µ –∏ —É–∫–∞–∂–∏ –æ–¥–Ω—É –∏–ª–∏ –Ω–µ—Å–∫–æ–ª—å–∫–æ –ø—Ä–∏—á–∏–Ω –∏–∑ –ø—É–Ω–∫—Ç–∞ 2.7 –ø—Ä–∏–∫—Ä–µ–ø–ª–µ–Ω–Ω–æ–≥–æ –∫ –ø–æ—Å—Ç—É –ø–æ–ª–æ–∂–µ–Ω–∏—è.
2. –ü–æ–¥–ø–∏—à–∏ –∑–∞—è–≤–ª–µ–Ω–∏–µ.
3. –ó–∞–≥—Ä—É–∑–∏ —Å–∫–∞–Ω—ã –∏–ª–∏ —Ñ–æ—Ç–æ–≥—Ä–∞—Ñ–∏–∏ –∑–∞—è–≤–ª–µ–Ω–∏—è –∏ –ø–æ–¥—Ç–≤–µ—Ä–∂–¥–∞—é—â–∏—Ö –¥–æ–∫—É–º–µ–Ω—Ç–æ–≤ –µ–¥–∏–Ω—ã–º PDF-—Ñ–∞–π–ª–æ–º –ø–æ —Å—Å—ã–ª–∫–µ https://vk.cc/arUoRY –≤ —Å—Ä–æ–∫ –¥–æ 15.05.2020 –≥. (–∞–≤—Ç–æ—Ä–∏–∑–∞—Ü–∏—è —á–µ—Ä–µ–∑ @sfedu.ru).
–®–∞–±–ª–æ–Ω—ã –¥–æ–∫—É–º–µ–Ω—Ç–æ–≤ —Ç—É—Ç https://vk.com/ictis_sfedu?w=wall-48632629_7300

üìû–ü–æ –≤–æ–ø—Ä–æ—Å–∞–º –ø–æ–ª—É—á–µ–Ω–∏—è —Å–ø—Ä–∞–≤–æ–∫ –æ–± –æ–∫–∞–∑–∞–Ω–∏–∏ –∞–¥—Ä–µ—Å–Ω–æ–π –ø–æ–º–æ—â–∏ –¥–ª—è –æ—Ñ–æ—Ä–º–ª–µ–Ω–∏—è —Å–æ—Ü–∏–∞–ª—å–Ω–æ–π —Å—Ç–∏–ø–µ–Ω–¥–∏–∏ –æ–±—Ä–∞—â–∞—Ç—å—Å—è –ø–æ —Ç–µ–ª–µ—Ñ–æ–Ω—É +7 (8634) 47-72-06 –∏–ª–∏ +7 (8634) 47-72-16
 
‚ùì–ö–∞–∫ –ø–æ–ª—É—á–∏—Ç—å —Å–ø—Ä–∞–≤–∫–∏ –æ—Ç –¥–∏—Ä–µ–∫—Ü–∏–∏? 
 
1. –ü–µ—Ä–µ–π–¥–∏ –ø–æ —Å—Å—ã–ª–∫–µ: https://forms.office.com/Pages/ResponsePage.aspx?id=XUO6GWzkakOE8hsB5pPkgJQJiPBUcYBHs2pnMbkh239URFgySlk3V05MSTJXVU5GMkQ3M1ZNT1JXRS4u
2. –í–æ–π–¥–∏ —á–µ—Ä–µ–∑ —É—á—ë—Ç–Ω—É—é –∑–∞–ø–∏—Å—å @sfedu.ru.
3. –ó–∞–ø–æ–ª–Ω–∏ —Ñ–æ—Ä–º—É.
 
–ü–æ—Å–ª–µ –ø–µ—Ä–µ—Ö–æ–¥–∞ —É–Ω–∏–≤–µ—Ä—Å–∏—Ç–µ—Ç–∞ –≤ –æ–±—ã—á–Ω—ã–π —Ä–µ–∂–∏–º —Ä–∞–±–æ—Ç—ã, –ø—Ä–∏–Ω–µ—Å–∏ –≤—Å–µ –æ—Ä–∏–≥–∏–Ω–∞–ª—ã –¥–æ–∫—É–º–µ–Ω—Ç–æ–≤ –≤ –ò-205.",6,1,1,3144,vk.com/wall-48632629_7483,5f00910eb54d3850c4041219
2020-07-04T15:25:54+03:00,7743,"}1 –ú–ê–®–ò–ù–ù–û–ï –û–ë–£–ß–ï–ù–ò–ï

üë®‚Äçüíª–ú–∞—à–∏–Ω–Ω–æ–µ –æ–±—É—á–µ–Ω–∏–µ ‚Äî –∫–ª–∞—Å—Å –º–µ—Ç–æ–¥–æ–≤¬†–∏—Å–∫—É—Å—Å—Ç–≤–µ–Ω–Ω–æ–≥–æ –∏–Ω—Ç–µ–ª–ª–µ–∫—Ç–∞, —Ö–∞—Ä–∞–∫—Ç–µ—Ä–Ω–æ–π —á–µ—Ä—Ç–æ–π –∫–æ—Ç–æ—Ä—ã—Ö —è–≤–ª—è–µ—Ç—Å—è –Ω–µ –ø—Ä—è–º–æ–µ —Ä–µ—à–µ–Ω–∏–µ –∑–∞–¥–∞—á–∏, –∞ –æ–±—É—á–µ–Ω–∏–µ –≤ –ø—Ä–æ—Ü–µ—Å—Å–µ –ø—Ä–∏–º–µ–Ω–µ–Ω–∏—è —Ä–µ—à–µ–Ω–∏–π –º–Ω–æ–∂–µ—Å—Ç–≤–∞ —Å—Ö–æ–¥–Ω—ã—Ö –∑–∞–¥–∞—á. –î–ª—è –ø–æ—Å—Ç—Ä–æ–µ–Ω–∏—è —Ç–∞–∫–∏—Ö –º–µ—Ç–æ–¥–æ–≤ –∏—Å–ø–æ–ª—å–∑—É—é—Ç—Å—è —Å—Ä–µ–¥—Å—Ç–≤–∞ –º–∞—Ç–µ–º–∞—Ç–∏—á–µ—Å–∫–æ–π —Å—Ç–∞—Ç–∏—Å—Ç–∏–∫–∏, —á–∏—Å–ª–µ–Ω–Ω—ã—Ö –º–µ—Ç–æ–¥–æ–≤, –º–µ—Ç–æ–¥–æ–≤ –æ–ø—Ç–∏–º–∏–∑–∞—Ü–∏–∏, —Ç–µ–æ—Ä–∏–∏ –≤–µ—Ä–æ—è—Ç–Ω–æ—Å—Ç–µ–π, —Ç–µ–æ—Ä–∏–∏ –≥—Ä–∞—Ñ–æ–≤, —Ä–∞–∑–ª–∏—á–Ω—ã–µ —Ç–µ—Ö–Ω–∏–∫–∏ —Ä–∞–±–æ—Ç—ã —Å –¥–∞–Ω–Ω—ã–º–∏ –≤ —Ü–∏—Ñ—Ä–æ–≤–æ–π —Ñ–æ—Ä–º–µ.

üìä–ï—Å–ª–∏ –≤—ã —Å–ª–µ–¥–∏—Ç–µ –∑–∞ –Ω–æ–≤–æ—Å—Ç—è–º–∏ –∏–∑ –º–∏—Ä–∞ –≤—ã—Å–æ–∫–∏—Ö –∏–Ω—Ñ–æ—Ä–º–∞—Ü–∏–æ–Ω–Ω—ã—Ö —Ç–µ—Ö–Ω–æ–ª–æ–≥–∏–π, —Ç–æ, –±–µ–∑—É—Å–ª–æ–≤–Ω–æ, –∑–∞–º–µ—Ç–∏–ª–∏, —á—Ç–æ –∫–∞–∂–¥–∞—è —á—É—Ç—å –ª–∏ –Ω–µ –≤—Ç–æ—Ä–∞—è –Ω–æ–≤–æ—Å—Ç—å –ø–æ—Å–≤—è—â–µ–Ω–∞ —Ç–æ–º—É, —á—Ç–æ –≤ –æ—á–µ—Ä–µ–¥–Ω–æ–π —Ä–∞–∑ –≤—ã–¥—É–º–∞–ª–∏ —É—á—ë–Ω—ã–µ, –∏—Å–ø–æ–ª—å–∑—É—è –∏—Å–∫—É—Å—Å—Ç–≤–µ–Ω–Ω—ã–π –∏–Ω—Ç–µ–ª–ª–µ–∫—Ç –∏ –∞–ª–≥–æ—Ä–∏—Ç–º—ã –º–∞—à–∏–Ω–Ω–æ–≥–æ –æ–±—É—á–µ–Ω–∏—è. 

–ü–µ—Ä—Å–ø–µ–∫—Ç–∏–≤–Ω–æ—Å—Ç—å —ç—Ç–∏—Ö –Ω–∞–ø—Ä–∞–≤–ª–µ–Ω–∏–π –∏ –ø–æ–≤—ã—à–µ–Ω–Ω—É—é –≤–æ—Å—Ç—Ä–µ–±–æ–≤–∞–Ω–Ω–æ—Å—Ç—å —Å–æ–æ—Ç–≤–µ—Ç—Å—Ç–≤—É—é—â–∏—Ö —ç–∫—Å–ø–µ—Ä—Ç–æ–≤ —Å–µ–≥–æ–¥–Ω—è –ø–æ–¥—Ç–≤–µ—Ä–∂–¥–∞–µ—Ç –∫–∞–∫ —Ä–æ—Å—Å–∏–π—Å–∫–∏–π, —Ç–∞–∫ –∏ –º–∏—Ä–æ–≤–æ–π —Ä—ã–Ω–æ–∫ —Ç—Ä—É–¥–∞. –ù–∞–ø—Ä–∏–º–µ—Ä, –∑–∞ –ø–µ—Ä–∏–æ–¥ —Å 2012 –ø–æ 2016 –≥–æ–¥—ã —á–∏—Å–ª–æ –≤–∞–∫–∞–Ω—Å–∏–π –≤ –†–æ—Å—Å–∏–∏ —Å —É–ø–æ–º–∏–Ω–∞–Ω–∏–µ–º –º–∞—à–∏–Ω–Ω–æ–≥–æ –æ–±—É—á–µ–Ω–∏—è –≤—ã—Ä–æ—Å–ª–æ –≤ 18 —Ä–∞–∑, —á—Ç–æ –¥–æ–∫–∞–∑—ã–≤–∞–µ—Ç—Å—è –∏—Å—Å–ª–µ–¥–æ–≤–∞–Ω–∏—è–º–∏ Micr–æsoft. –ê —á–∏—Å–ª–æ –≤–∞–∫–∞–Ω—Å–∏–π, –≥–¥–µ —É–ø–æ–º–∏–Ω–∞–ª–∞—Å—å big data, –∑–∞ —Ç–æ—Ç –∂–µ –ø–µ—Ä–∏–æ–¥ –≤–æ–∑—Ä–æ—Å–ª–æ –ø–æ—á—Ç–∏ –≤ 30 —Ä–∞–∑. 

üíª–ê–Ω–∞–ª–∏–∑ –±–æ–ª—å—à–∏—Ö –¥–∞–Ω–Ω—ã—Ö –≤—Å—ë –±–æ–ª–µ–µ –≤–æ—Å—Ç—Ä–µ–±–æ–≤–∞–Ω –≤ —Ñ–∏–Ω–∞–Ω—Å–∞—Ö, –º–∞—Ä–∫–µ—Ç–∏–Ω–≥–µ –∏ –¥–∞–∂–µ HR. –ö—Ä–æ–º–µ —Ç–æ–≥–æ, –ø–æ—è–≤–ª—è–µ—Ç—Å—è –≤—Å—ë –±–æ–ª—å—à–µ –ø—Ä–∏–ª–æ–∂–µ–Ω–∏–π, —Ä–∞–±–æ—Ç–∞—é—â–∏—Ö —Å –æ–≥—Ä–æ–º–Ω—ã–º–∏ –æ–±—ä—ë–º–∞–º–∏ –¥–∞–Ω–Ω—ã—Ö, –∫–æ—Ç–æ—Ä—ã–µ –Ω—É–∂–Ω–æ –æ–±—Ä–∞–±–∞—Ç—ã–≤–∞—Ç—å, –ø–æ—ç—Ç–æ–º—É —Å–ø—Ä–æ—Å –Ω–∞ —Ç–∞–∫–∏—Ö —Å–ø–µ—Ü–∏–∞–ª–∏—Å—Ç–æ–≤ –±—É–¥–µ—Ç —Ä–∞—Å—Ç–∏.

–ò—Å—Ç–æ—á–Ω–∏–∫: https://otus.ru/",0,0,0,197,vk.com/wall-48632629_7743,5f00910eb54d3850c404121a
2020-07-04T14:28:48+03:00,7742,"}1 02.03.03 –ü–†–ò–ö–õ–ê–î–ù–ê–Ø –ò–ù–§–û–†–ú–ê–¢–ò–ö–ê

""–ú—ã —É–±–µ–∂–¥–µ–Ω—ã, —á—Ç–æ —Ñ—É–Ω–¥–∞–º–µ–Ω—Ç IT-–ø—Ä–æ—Ñ–µ—Å—Å–∏–∏ —Å–æ—Å—Ç–∞–≤–ª—è—é—Ç —Å–ø–µ—Ü–∏–∞–ª–∏—Å—Ç—ã, –∫–æ—Ç–æ—Ä—ã–µ –∑–∞–Ω–∏–º–∞—é—Ç—Å—è –ø—Ä–æ–µ–∫—Ç–∏—Ä–æ–≤–∞–Ω–∏–µ–º, —Ä–∞–∑—Ä–∞–±–æ—Ç–∫–æ–π, –æ—Ç–ª–∞–¥–∫–æ–π –∏ –∞–¥–º–∏–Ω–∏—Å—Ç—Ä–∏—Ä–æ–≤–∞–Ω–∏–µ–º –ø—Ä–æ–≥—Ä–∞–º–º–Ω–æ–≥–æ –æ–±–µ—Å–ø–µ—á–µ–Ω–∏—è. –ò–º–µ–Ω–Ω–æ —Ç–∞–∫–∏—Ö –ø—Ä–æ—Ñ–µ—Å—Å–∏–æ–Ω–∞–ª–æ–≤ –≥–æ—Ç–æ–≤—è—Ç –Ω–∞ –Ω–∞—à–µ–º –Ω–∞–ø—Ä–∞–≤–ª–µ–Ω–∏–∏.

–°—Ç—É–¥–µ–Ω—Ç—ã –∏–∑—É—á–∞—é—Ç —É –Ω–∞—Å —Å–∞–º—ã–µ –ø–µ—Ä—Å–ø–µ–∫—Ç–∏–≤–Ω—ã–µ –∏ –≤–æ—Å—Ç—Ä–µ–±–æ–≤–∞–Ω–Ω—ã–µ —è–∑—ã–∫–∏ –ø—Ä–æ–≥—Ä–∞–º–º–∏—Ä–æ–≤–∞–Ω–∏—è: –æ—Ç –æ–±—ä–µ–∫—Ç–Ω–æ-–æ—Ä–∏–µ–Ω—Ç–∏—Ä–æ–≤–∞–Ω–Ω–æ–≥–æ –°++ –¥–æ Python –∏ Haskell, –æ—Ç –Ω–∏–∑–∫–æ—É—Ä–æ–≤–Ω–µ–≤–æ–≥–æ –∞—Å—Å–µ–º–±–ª–µ—Ä–∞ –¥–æ —ç–∫–æ-—Å–∏—Å—Ç–µ–º Java. –°—Ç—É–¥–µ–Ω—Ç—ã –Ω–∞–ø—Ä–∞–≤–ª–µ–Ω–∏—è –æ—Å–≤–∞–∏–≤–∞—é—Ç –∞–ª–≥–æ—Ä–∏—Ç–º–∏–∑–∞—Ü–∏—é –∏ —Å—Ç—Ä—É–∫—Ç—É—Ä–∏—Ä–æ–≤–∞–Ω–∏–µ –¥–∞–Ω–Ω—ã—Ö, –º–µ—Ç–æ–¥–æ–ª–æ–≥–∏–∏ —Ä–∞–∑—Ä–∞–±–æ—Ç–∫–∏ –∏ –æ—Ü–µ–Ω–∫–∏ –ø—Ä–æ–¥—É–∫—Ç–∞, —Ç–µ—Ö–Ω–∏–∫–∏ —Ç–µ—Å—Ç–∏—Ä–æ–≤–∫–∏ –∏ –≤–µ—Ä–∏—Ñ–∏–∫–∞—Ü–∏–∏, –∞–¥–º–∏–Ω–∏—Å—Ç—Ä–∏—Ä–æ–≤–∞–Ω–∏–µ–º –∏–Ω—Ñ–æ—Ä–º–∞—Ü–∏–æ–Ω–Ω—ã—Ö –∏ –æ–ø–µ—Ä–∞—Ü–∏–æ–Ω–Ω—ã—Ö —Å–∏—Å—Ç–µ–º. –ü—Ä–∞–∫—Ç–∏–∫–∏ –ø—Ä–æ–≤–æ–¥—è—Ç—Å—è —Å –æ–ø—ã—Ç–Ω—ã–º–∏ –Ω–∞—Å—Ç–∞–≤–Ω–∏–∫–∞–º–∏ –∏–∑ —Ä–µ–≥–∏–æ–Ω–∞–ª—å–Ω—ã—Ö IT-–∫–æ–º–ø–∞–Ω–∏–π"".",2,0,0,342,vk.com/wall-48632629_7742,5f00910eb54d3850c404121b
2020-07-03T13:38:04+03:00,7741,"}1 09.03.04 –ü–†–û–ì–†–ê–ú–ú–ù–ê–Ø –ò–ù–ñ–ï–ù–ï–†–ò–Ø

üë®‚Äçüè´–ü—Ä–µ–ø–æ–¥–∞–≤–∞—Ç–µ–ª–∏ —Ä–∞—Å—Å–∫–∞–∑–∞–ª–∏ –æ –Ω–∞–ø—Ä–∞–≤–ª–µ–Ω–∏–∏ –±–∞–∫–∞–ª–∞–≤—Ä–∏–∞—Ç–∞ –ü—Ä–æ–≥—Ä–∞–º–º–Ω–∞—è –∏–Ω–∂–µ–Ω–µ—Ä–∏—è.

""–ó–¥–µ—Å—å –≤–∞–º –ø—Ä–∏–¥—ë—Ç—Å—è –∏–∑—É—á–∞—Ç—å —è–∑—ã–∫–∏ –ø—Ä–æ–≥—Ä–∞–º–º–∏—Ä–æ–≤–∞–Ω–∏—è, –º–µ—Ç–æ–¥–æ–ª–æ–≥–∏–∏ –ø—Ä–æ–≥—Ä–∞–º–º–Ω—ã—Ö –ø—Ä–æ–¥—É–∫—Ç–æ–≤, —Ç–µ—Ö–Ω–∏—á–µ—Å–∫—É—é —Ç–µ—Å—Ç–∏—Ä–æ–≤–∫—É. –ê –≥–ª–∞–≤–Ω–æ–µ - –∑–¥–µ—Å—å –≤–∞–º –ø—Ä–µ–¥—Å—Ç–æ–∏—Ç –∫–∞–∂–¥—ã–π –¥–µ–Ω—å —É–∑–Ω–∞–≤–∞—Ç—å —á—Ç–æ-—Ç–æ –Ω–æ–≤–æ–µ. –ü—Ä–µ–ø–æ–¥–∞–≤–∞—Ç–µ–ª—å—Å–∫–∏–π —Å–æ—Å—Ç–∞–≤ –±—É–¥–µ—Ç –æ—Ç–Ω–æ—Å–∏—Ç—å—Å—è –∫ –≤–∞–º, –∫–∞–∫ –∫ –ø–æ—Ç–µ–Ω—Ü–∏–∞–ª—å–Ω—ã–º –∫–æ–ª–ª–µ–≥–∞–º.

–ë–æ–ª—å—à–∏–Ω—Å—Ç–≤–æ –Ω–∞—à–∏—Ö —Ä–µ–±—è—Ç —É–ø–æ—Ä–Ω–æ —Ä–∞–±–æ—Ç–∞—é—Ç –∏ –¥–æ—Å—Ç–∏–≥–∞—é—Ç —Å–µ—Ä—å–µ–∑–Ω—ã—Ö —Ä–µ–∑—É–ª—å—Ç–∞—Ç–æ–≤ –Ω–∞ –±–æ–ª—å—à–∏—Ö –æ–ª–∏–º–ø–∏–∞–¥–∞—Ö –∏ —Ö–∞–∫–∞—Ç–æ–Ω–∞—Ö"".",3,0,0,735,vk.com/wall-48632629_7741,5f00910eb54d3850c404121c
2020-07-02T19:01:03+03:00,7739,"}1 –ù–ê–£–ß–ù–ê–Ø –®–ö–û–õ–ê ¬´–ü–†–ò–ú–ï–ù–ï–ù–ò–ï –¢–ï–•–ù–û–õ–û–ì–ò–ô –ò–°–ö–£–°–°–¢–í–ï–ù–ù–û–ì–û –ò–ù–¢–ï–õ–õ–ï–ö–¢–ê –î–õ–Ø –ê–ù–ê–õ–ò–ó–ê –ú–ï–î–ò–¶–ò–ù–°–ö–ò–• –ò–ó–û–ë–†–ê–ñ–ï–ù–ò–ô

‚è∞–ö–æ–≥–¥–∞: —Å 27 –ø–æ 31 –∏—é–ª—è
üìç–ü—Ä–∞–≤–∏–ª–∞ –∫–æ–Ω–∫—É—Ä—Å–Ω–æ–≥–æ –æ—Ç–±–æ—Ä–∞: https://sochisirius.ru/obuchenie/graduates/smena662/.

ü§©–ê–ù–û –í–û ""–£–Ω–∏–≤–µ—Ä—Å–∏—Ç–µ—Ç ""–°–∏—Ä–∏—É—Å"" (–≥. –°–æ—á–∏) –ø—Ä–æ–≤–æ–¥–∏—Ç 
–Ω–∞—É—á–Ω—É—é —à–∫–æ–ª—É ¬´–ü—Ä–∏–º–µ–Ω–µ–Ω–∏–µ —Ç–µ—Ö–Ω–æ–ª–æ–≥–∏–π –∏—Å–∫—É—Å—Å—Ç–≤–µ–Ω–Ω–æ–≥–æ –∏–Ω—Ç–µ–ª–ª–µ–∫—Ç–∞ –¥–ª—è –∞–Ω–∞–ª–∏–∑–∞ –º–µ–¥–∏—Ü–∏–Ω—Å–∫–∏—Ö  –¥–∞–Ω–Ω—ã—Ö¬ª.

–ù–∞—É—á–Ω–∞—è —à–∫–æ–ª–∞ ¬´–ü—Ä–∏–º–µ–Ω–µ–Ω–∏–µ —Ç–µ—Ö–Ω–æ–ª–æ–≥–∏–π –∏—Å–∫—É—Å—Å—Ç–≤–µ–Ω–Ω–æ–≥–æ –∏–Ω—Ç–µ–ª–ª–µ–∫—Ç–∞ –¥–ª—è –∞–Ω–∞–ª–∏–∑–∞ 
–º–µ–¥–∏—Ü–∏–Ω—Å–∫–∏—Ö –∏–∑–æ–±—Ä–∞–∂–µ–Ω–∏–π¬ª –Ω–∞–ø—Ä–∞–≤–ª–µ–Ω–∞ –Ω–∞ –≤–æ–≤–ª–µ—á–µ–Ω–∏–µ —Å—Ç—É–¥–µ–Ω—Ç–æ–≤ –≤ –∏—Å—Å–ª–µ–¥–æ–≤–∞–Ω–∏—è –ø–æ —Ç–µ–º–µ –∞–Ω–∞–ª–∏–∑–∞ –º–µ–¥–∏—Ü–∏–Ω—Å–∫–∏—Ö –∏–∑–æ–±—Ä–∞–∂–µ–Ω–∏–π —Å –∏—Å–ø–æ–ª—å–∑–æ–≤–∞–Ω–∏–µ–º —Ç–µ—Ö–Ω–æ–ª–æ–≥–∏–π –∏—Å–∫—É—Å—Å—Ç–≤–µ–Ω–Ω–æ–≥–æ –∏–Ω—Ç–µ–ª–ª–µ–∫—Ç–∞. –ü—Ä–æ–≥—Ä–∞–º–º–∞ —Ä–∞—Å—Å—á–∏—Ç–∞–Ω–∞ –Ω–∞ —Å—Ç—É–¥–µ–Ω—Ç–æ–≤, –∑–Ω–∞–∫–æ–º—ã—Ö —Å –æ—Å–Ω–æ–≤–∞–º–∏ —Ç–µ–æ—Ä–∏–π –º–∞—à–∏–Ω–Ω–æ–≥–æ –æ–±—É—á–µ–Ω–∏—è –∏ 
—è–∑—ã–∫–æ–º –ø—Ä–æ–≥—Ä–∞–º–º–∏—Ä–æ–≤–∞–Ω–∏—è Python, –∂–µ–ª–∞—é—â–∏—Ö —É–≥–ª—É–±–∏—Ç—å —Å–≤–æ–∏ –∑–Ω–∞–Ω–∏—è.

üë©‚Äçüè´–í –ø—Ä–æ—Ü–µ—Å—Å–µ –æ—Å–≤–æ–µ–Ω–∏—è, —É—á–∞—â–∏–µ—Å—è –ø–æ–∑–Ω–∞–∫–æ–º—è—Ç—Å—è —Å –æ—Å–æ–±–µ–Ω–Ω–æ—Å—Ç—è–º–∏ –º–µ–¥–∏—Ü–∏–Ω—Å–∫–∏—Ö –∏–∑–æ–±—Ä–∞–∂–µ–Ω–∏–π, –∫–∞–∫
–º–æ–¥–∞–ª—å–Ω–æ—Å—Ç—å—é –¥–∞–Ω–Ω—ã—Ö, —Ä–∞–∑–±–µ—Ä—É—Ç —Ç–µ–æ—Ä–∏—é –∏ –≤–æ—Å–ø–æ–ª—å–∑—É—é—Ç—Å—è –Ω–∞ –ø—Ä–∞–∫—Ç–∏–∫–µ –∞–ª–≥–æ—Ä–∏—Ç–º–∞–º–∏ –º–∞—à–∏–Ω–Ω–æ–≥–æ 
–æ–±—É—á–µ–Ω–∏—è –∏ –∫–æ–º–ø—å—é—Ç–µ—Ä–Ω–æ–≥–æ –∑—Ä–µ–Ω–∏—è –¥–ª—è –∞–Ω–∞–ª–∏–∑–∞ –º–µ–¥–∏—Ü–∏–Ω—Å–∫–∏—Ö –∏–∑–æ–±—Ä–∞–∂–µ–Ω–∏–π. –ü—Ä–∞–∫—Ç–∏—á–µ—Å–∫–∏–µ –∑–∞–¥–∞–Ω–∏—è 
–ø–æ—Å—Ç—Ä–æ–µ–Ω—ã –Ω–∞ –æ—Å–Ω–æ–≤–µ –∏—Å—Å–ª–µ–¥–æ–≤–∞–Ω–∏–π —Ü–µ–Ω—Ç—Ä–∞ –∏—Å–∫—É—Å—Å—Ç–≤–µ–Ω–Ω–æ–≥–æ –∏–Ω—Ç–µ–ª–ª–µ–∫—Ç–∞ –£–Ω–∏–≤–µ—Ä—Å–∏—Ç–µ—Ç–∞ –ò–Ω–Ω–æ–ø–æ–ª–∏—Å —Å –∏—Å–ø–æ–ª—å–∑–æ–≤–∞–Ω–∏–µ–º —Ä–µ–∞–ª—å–Ω—ã—Ö –¥–∞–Ω–Ω—ã—Ö, –ø–æ–ª—É—á–µ–Ω–Ω—ã—Ö –∏–∑ –º–µ–¥–∏—Ü–∏–Ω—Å–∫–∏—Ö –æ—Ä–≥–∞–Ω–∏–∑–∞—Ü–∏–π.

üíÅüèª‚Äç‚ôÇÔ∏è–£—á–∞—Å—Ç–Ω–∏–∫–∏, –ø—Ä–æ–¥–µ–º–æ–Ω—Å—Ç—Ä–∏—Ä–æ–≤–∞–≤—à–∏–µ –æ—Ç–ª–∏—á–Ω—ã–π —Ä–µ–∑—É–ª—å—Ç–∞—Ç –≤ —Ö–æ–¥–µ –æ—Å–≤–æ–µ–Ω–∏—è –ø—Ä–æ–≥—Ä–∞–º–º—ã, –º–æ–≥—É—Ç –±—ã—Ç—å –ø—Ä–∏–≥–ª–∞—à–µ–Ω—ã 
–¥–ª—è –ø—Ä–æ—Ö–æ–∂–¥–µ–Ω–∏—è —É–¥–∞–ª–µ–Ω–Ω–æ–π —Å—Ç–∞–∂–∏—Ä–æ–≤–∫–∏ –≤ —Ü–µ–Ω—Ç—Ä–µ –∏—Å–∫—É—Å—Å—Ç–≤–µ–Ω–Ω–æ–≥–æ –∏–Ω—Ç–µ–ª–ª–µ–∫—Ç–∞ —É–Ω–∏–≤–µ—Ä—Å–∏—Ç–µ—Ç–∞.

üòâ–ü–æ–¥–∞–≤–∞–π —Å–≤–æ—é –∑–∞—è–≤–∫—É!",0,0,0,537,vk.com/wall-48632629_7739,5f00910eb54d3850c404121d
2020-07-01T16:27:56+03:00,7736,"}1 –ë–ï–°–ü–õ–ê–¢–ù–´–ï –ö–£–†–°–´ –î–õ–Ø –ü–û–°–¢–£–ü–ê–Æ–©–ò–•

üòâ–ë–µ—Å–ø–ª–∞—Ç–Ω—ã–µ –∫—É—Ä—Å—ã –ø—Ä–æ–π–¥—É—Ç –Ω–∞ –ø–ª–∞—Ç—Ñ–æ—Ä–º–µ Microsoft Teams. –î–ª—è –ø–æ–¥–∫–ª—é—á–µ–Ω–∏—è –Ω–µ–æ–±—Ö–æ–¥–∏–º–æ –ø–µ—Ä–µ–π—Ç–∏ –ø–æ —Å—Å—ã–ª–∫–µ –Ω–∞ —Å–æ–æ—Ç–≤–µ—Ç—Å—Ç–≤—É—é—â–µ–µ –∑–∞–Ω—è—Ç–∏–µ (—É–∫–∞–∑–∞–Ω–æ –≤ —Ç–∞–±–ª–∏—Ü–µ), —É–∫–∞–∑–∞—Ç—å —Å–≤–æ–µ –∏–º—è –∏ —Ñ–∞–º–∏–ª–∏—é. –†–∞–±–æ—Ç–∞ –ø—Ä–æ–∏–∑–≤–æ–¥–∏—Ç—Å—è —á–µ—Ä–µ–∑ –±—Ä–∞—É–∑–µ—Ä Google Chrome –∏–ª–∏ Edge. 

üëâüèª–°—Å—ã–ª–∫–∏ –Ω–∞ —Ç–∞–±–ª–∏—Ü—ã —Å —Ä–∞—Å–ø–∏—Å–∞–Ω–∏–µ–º (—Ä–∞—Å–ø–∏—Å–∞–Ω–∏–µ –Ω–∞ –ø–æ—Å–ª–µ–¥—É—é—â–∏–µ –∑–∞–Ω—è—Ç–∏—è –±—É–¥–µ—Ç —Ñ–æ—Ä–º–∏—Ä–æ–≤–∞—Ç—å—Å—è –ø–æ—Å—Ç–µ–ø–µ–Ω–Ω–æ, —á—Ç–æ–±—ã —É—á–µ—Å—Ç—å –∑–∞–Ω—è—Ç–æ—Å—Ç—å –∏ –≤–æ–∑–º–æ–∂–Ω–æ—Å—Ç–∏ –≤—Å–µ—Ö –æ–±—É—á–∞—é—â–∏—Ö—Å—è).

1. –ú–∞—Ç–µ–º–∞—Ç–∏–∫–∞: https://docs.google.com/spreadsheets/d/1aPzaT-DpcXDizu14bUzRNtO6WU17hZWGDnLfFOYuKVY/edit#gid=0
2. –ò–Ω—Ñ–æ—Ä–º–∞—Ç–∏–∫–∞ –∏ –ò–ö–¢: https://docs.google.com/spreadsheets/d/10Z6YnueEbioRO5pTLV2YK0ViDW5-P5jvBKYlIvFKyJI/edit#gid=0",7,2,2,954,vk.com/wall-48632629_7736,5f00910eb54d3850c404121e
2020-07-01T12:45:34+03:00,7734,"}1 09.05.01 –ü–†–ò–ú–ï–ù–ï–ù–ò–ï –ò –≠–ö–°–ü–õ–£–ê–¢–ê–¶–ò–Ø –ê–í–¢–û–ú–ê–¢–ò–ó–ò–†–û–í–ê–ù–ù–´–• –°–ò–°–¢–ï–ú –°–ü–ï–¶–ò–ê–õ–¨–ù–û–ì–û –ù–ê–ó–ù–ê–ß–ï–ù–ò–Ø 
 
üíÅ‚Äç‚ôÇ–í–µ—à–∫–∏–Ω –ò–≤–∞–Ω –≤ —ç—Ç–æ–º –≥–æ–¥—É –æ–∫–∞–Ω—á–∏–≤–∞–µ—Ç 1-—ã–π –∫—É—Ä—Å —Å–ø–µ—Ü–∏–∞–ª–∏—Ç–µ—Ç–∞. –û–Ω –æ—Ç–≤–µ—Ç–∏–ª –Ω–∞–º –Ω–∞ –ø–∞—Ä—É –≤–æ–ø—Ä–æ—Å–æ–≤. 
 
–ö–∞–∫–∏–µ –±—ã–ª–∏ –ø–µ—Ä–≤—ã–µ –≤–ø–µ—á–∞—Ç–ª–µ–Ω–∏—è –ø–æ—Å–ª–µ –ø–æ—Å—Ç—É–ø–ª–µ–Ω–∏—è? 
 
""–Ø –ø–æ—Å—Ç—É–ø–∏–ª –Ω–∞ —ç—Ç–æ –Ω–∞–ø—Ä–∞–≤–ª–µ–Ω–∏–µ –≤ —Å–µ–Ω—Ç—è–±—Ä–µ 2019-–≥–æ –≥–æ–¥–∞. –í –Ω–∞—á–∞–ª–µ —è –Ω–µ –∑–Ω–∞–ª, —á—Ç–æ –º–µ–Ω—è –±—É–¥–µ—Ç –æ–∂–∏–¥–∞—Ç—å, –Ω–æ –∫–∞–∫ —Ç–æ–ª—å–∫–æ —É—á—ë–±–∞ –Ω–∞—á–∞–ª–∞—Å—å, —è –Ω–µ –±—ã–ª —Ä–∞–∑–æ—á–∞—Ä–æ–≤–∞–Ω. –°–∞–º–æ–µ –∏–Ω—Ç–µ—Ä–µ—Å–Ω–æ–µ –±—ã–ª–æ —Ç–æ, —á—Ç–æ —Ä—è–¥ –ø—Ä–µ–¥–º–µ—Ç–æ–≤ –≤–µ–ª—Å—è –Ω–∞ –∞–Ω–≥–ª–∏–π—Å–∫–æ–º —è–∑—ã–∫–µ. –í—Å—ë —ç—Ç–æ –¥–∞–ª–æ –æ–≥—Ä–æ–º–Ω—ã–π —Ç–æ–ª—á–æ–∫ –∫ —É—á—ë–±–µ. –ù–∞—Å –Ω–∞—á–∞–ª–∏ —É—á–∏—Ç—å –ø—Ä–æ–≥—Ä–∞–º–º–∏—Ä–æ–≤–∞—Ç—å –Ω–∞ –°. –û–±—É—á–∞–ª–∏ –ø—Ä–∞–∫—Ç–∏—á–µ—Å–∫–∏ —Å –Ω—É–ª—è. –≠—Ç–æ –ø–æ–∑–≤–æ–ª–∏–ª–æ –∑–∞–ª–æ–∂–∏—Ç—å –ø—Ä–æ—á–Ω—É—é –±–∞–∑—É, –∫–æ—Ç–æ—Ä–∞—è –ø–æ–º–æ–≥–ª–∞ –≤–æ 2-–æ–º —Å–µ–º–µ—Å—Ç—Ä–µ, –≥–¥–µ –º—ã —É–∂–µ –ø–∏—Å–∞–ª–∏ –∫–æ–¥ –Ω–∞ –°++ –∏ –°#"". 
 
–ß—Ç–æ —Ç—ã –æ–∂–∏–¥–∞–µ—à—å –æ—Ç —É—á–µ–±—ã –≤ –¥–∞–ª—å–Ω–µ–π—à–µ–º? 
 
""–ï—â—ë –Ω–µ –ø–æ–Ω—è—Ç–Ω–æ, –∫–∞–∫–∏–µ –¥–∏—Å—Ü–∏–ø–ª–∏–Ω—ã –º—ã –±—É–¥–µ–º –∏–∑—É—á–∞—Ç—å –≤ —Å–ª–µ–¥—É—é—â–µ–º —Å–µ–º–µ—Å—Ç—Ä–µ, –Ω–æ —è –∑–Ω–∞—é —Ç–æ–ª—å–∫–æ —Ç–æ, —á—Ç–æ —Ç–µ—Ö –∑–Ω–∞–Ω–∏–π –∫–æ—Ç–æ—Ä—ã–µ –º–Ω–µ –¥–∞–ª–∏ –Ω–∞ 1-–æ–º –∫—É—Ä—Å–µ —Ö–≤–∞—Ç–∏–ª–æ –¥–ª—è —Ç–æ–≥–æ, —á—Ç–æ–±—ã —Ä–µ—à–∏—Ç—å —Ç–µ—Ö–Ω–∏—á–µ—Å–∫–æ–µ –∑–∞–¥–∞–Ω–∏–µ –¥–ª—è —Å—Ç–∞–∂–∏—Ä–æ–≤–∫–∏"". 
 
–ß–µ–º –∑–∞–Ω–∏–º–∞–µ—à—å—Å—è —Å–µ–π—á–∞—Å? 
 
""–ù–∞ –¥–∞–Ω–Ω—ã–π –º–æ–º–µ–Ω—Ç –º—ã —Å –∫–æ–º–∞–Ω–¥–æ–π —Ä–∞–∑—Ä–∞–±–∞—Ç—ã–≤–∞–µ–º –∏–≥—Ä—É –Ω–∞ Unity ¬´Loked in Box¬ª –≤ —Ä–∞–º–∫–∞—Ö —Å—Ç—É–¥–µ–Ω—á–µ—Å–∫–æ–≥–æ –ø—Ä–æ–µ–∫—Ç–∞, –Ω–æ –Ω–µ –Ω–∞–º–µ—Ä–µ–Ω—ã –æ—Å—Ç–∞–Ω–∞–≤–ª–∏–≤–∞—Ç—å—Å—è –Ω–∞ —ç—Ç–æ–º. –ö–æ–≥–¥–∞ –º—ã –µ—ë –¥–æ—Ä–∞–±–æ—Ç–∞–µ–º, —Ç–æ –≤—ã–ª–æ–∂–∏–º –≤ Google Play –∏ Steam. –Ø —É–≤–µ—Ä–µ–Ω, —á—Ç–æ –¥–∞–ª—å—à–µ –±—É–¥–µ—Ç —Ç–æ–ª—å–∫–æ –∏–Ω—Ç–µ—Ä–µ—Å–Ω–µ–µ –∏ —Å –Ω–µ—Ç–µ—Ä–ø–µ–Ω–∏–µ–º –∂–¥—É –ø—Ä–æ–¥–æ–ª–∂–µ–Ω–∏—è –æ–±—É—á–µ–Ω–∏—è"".",24,0,0,1487,vk.com/wall-48632629_7734,5f00910eb54d3850c404121f
2020-06-29T12:00:15+03:00,7733,"}1 27.03.03 –°–ò–°–¢–ï–ú–ù–´–ô –ê–ù–ê–õ–ò–ó –ò –£–ü–†–ê–í–õ–ï–ù–ò–ï

üë®‚Äçüíº–î—É–∫–∞–ª–µ–≤ –Æ—Ä–∏–π –∑–∞–∫–∞–Ω—á–∏–≤–∞–µ—Ç –±–∞–∫–∞–ª–∞–≤—Ä–∏–∞—Ç. –û–Ω —Ä–∞—Å—Å–∫–∞–∑–∞–ª –Ω–∞–º, —á–µ–º –∑–∞–Ω–∏–º–∞–ª—Å—è –Ω–∞ —Å–≤–æ–µ–π —Å–ø–µ—Ü–∏–∞–ª—å–Ω–æ—Å—Ç–∏.

–ß–µ–º—É —Ç–µ–±—è –Ω–∞—É—á–∏–ª–∏ –≤ –í–£–ó–µ?

""–ú–æ—ë –Ω–∞–ø—Ä–∞–≤–ª–µ–Ω–∏–µ –Ω–µ —Å–æ–≤—Å–µ–º —Å–≤—è–∑–∞–Ω–Ω–æ —Å –ø—Ä–æ–≥—Ä–∞–º–º–∏—Ä–æ–≤–∞–Ω–∏–µ–º, –Ω–æ —è –∏–∑—É—á–∞—é 2 —è–∑—ã–∫–∞ –ø—Ä–æ–≥—Ä–∞–º–º–∏—Ä–æ–≤–∞–Ω–∏—è (–°# –∏ JavaScript) , —É–º–µ—é —Ä–∞–±–æ—Ç–∞—Ç—å —Å –¥–æ–∫—É–º–µ–Ω—Ç–∞–º–∏(–æ—Ñ–æ—Ä–º–ª–µ–Ω–∏–µ —Ä–∞–∑–Ω–æ–æ–±—Ä–∞–∑–Ω—ã—Ö –æ—Ç—á—ë—Ç–æ–≤, –∫—É—Ä—Å–æ–≤—ã—Ö –ø–æ –ì–û–°–¢–£), –Ω–∞ 1 –∏ 2 –∫—É—Ä—Å–µ –±—ã–ª–∞ —Ä–∞–±–æ—Ç–∞ —Å –ø—Ä–æ–µ–∫—Ç–∞–º–∏, –≥–¥–µ —è –ø–æ–ª—É—á–∏–ª –º–Ω–æ–≥–æ –∑–Ω–∞–Ω–∏–π –ø–æ —Å–≤–æ–µ–º—É –Ω–∞–ø—Ä–∞–≤–ª–µ–Ω–∏—é. –ù–∞ –∫—É—Ä—Å–∞—Ö –ø–æ—Å—Ç–∞—Ä—à–µ —è –∏–∑—É—á–∞–ª —Ç–µ–æ—Ä–∏—é –∞–≤—Ç–æ–º–∞—Ç–∏—á–µ—Å–∫–æ–≥–æ —É–ø—Ä–∞–≤–ª–µ–Ω–∏—è. –≠—Ç–æ –±—ã–ª–æ –æ—á–µ–Ω—å –∏–Ω—Ç–µ—Ä–µ—Å–Ω–æ, –±—ã–ª–∞ –ø—Ä–∞–∫—Ç–∏–∫–∞ –≤ —Ä–∞–±–æ—Ç–µ —Å –ø—Ä–æ–≥—Ä–∞–º–º–∞–º–∏ Matlab, Maple"".
 
–ö–∞–∫–∏–µ –ø–ª–∞–Ω—ã –Ω–∞ –±—É–¥—É—â–µ–µ?

""–ü–æ—Å–ª–µ –æ–∫–æ–Ω—á–∞–Ω–∏—è –±–∞–∫–∞–ª–∞–≤—Ä–∏–∞—Ç–∞, —è —Ö–æ—á—É –∏–¥—Ç–∏ –¥–∞–ª—å—à–µ –∏ –ø–æ–π—Ç–∏ –≤ –º–∞–≥–∏—Å—Ç—Ä–∞—Ç—É—Ä—É, –∏ –ø–æ–ª—É—á–∞—Ç—å –±–æ–ª—å—à–µ –∑–Ω–∞–Ω–∏–π, –¥–ª—è —Ç–æ–≥–æ —á—Ç–æ–±—ã —É—Å—Ç—Ä–æ–∏—Ç—Å—è –Ω–∞ –Ω–æ—Ä–º–∞–ª—å–Ω—É—é —Ä–∞–±–æ—Ç—É"".",23,0,0,1563,vk.com/wall-48632629_7733,5f00910eb54d3850c4041220
2020-06-28T19:34:17+03:00,7731,"–î–æ—Ä–æ–≥–æ–π –¥—Ä—É–≥!

üòÅ–ú—ã –ø—Ä–µ–¥–ª–∞–≥–∞–µ–º —Ç–µ–±–µ –æ–∑–Ω–∞–∫–æ–º–∏—Ç—å—Å—è —Å 3-–º—è –Ω–∞–∏–±–æ–ª–µ–µ –ø–µ—Ä—Å–ø–µ–∫—Ç–∏–≤–Ω—ã–º–∏ –Ω–∞–ø—Ä–∞–≤–ª–µ–Ω–∏—è–º–∏ –≤ –ò–¢ —Å —Ç–æ—á–∫–∏ –∑—Ä–µ–Ω–∏—è –∏–Ω–∂–µ–Ω–µ—Ä–æ–≤ –∏–∑ Micr–æsoft. –≠—Ç–∏ –Ω–∞–ø—Ä–∞–≤–ª–µ–Ω–∏—è —Å—Ç–∞–Ω–æ–≤—è—Ç—Å—è –≤—Å—ë –ø–æ–ø—É–ª—è—Ä–Ω–µ–µ, –∞ –≤ –±—É–¥—É—â–µ–º –ø–æ–ø—É–ª—è—Ä–Ω–æ—Å—Ç—å —Ç–æ–ª—å–∫–æ –≤—ã—Ä–∞—Å—Ç–µ—Ç.

üòâ–û —Å–∞–º–æ–º –ø–æ–ø—É–ª—è—Ä–Ω–æ–º –Ω–∞–ø—Ä–∞–≤–ª–µ–Ω–∏–∏ –≤—ã–ø—É—Å—Ç–∏–º —Å—Ç–∞—Ç—å—é.",10,0,0,1133,vk.com/wall-48632629_7731,5f00910eb54d3850c4041221
2020-06-27T19:43:08+03:00,7728,"}1 10.05.02 –ò–ù–§–û–†–ú–ê–¶–ò–û–ù–ù–ê–Ø –ë–ï–ó–û–ü–ê–°–ù–û–°–¢–¨ –¢–ï–õ–ï–ö–û–ú–ú–£–ù–ò–ö–ê–¶–ò–û–ù–ù–´–• –°–ò–°–¢–ï–ú

üíÅüèª‚Äç‚ôÇ–ú–∞—Ö–æ–Ω—á–µ–Ω–∫–æ –†–æ–º–∞–Ω —É—á–∏—Ç—Å—è –Ω–∞ —Å–ø–µ—Ü–∏–∞–ª–∏—Ç–µ—Ç–µ.

–ö–∞–∫–∏–µ –¥–∏—Å—Ü–∏–ø–ª–∏–Ω—ã —É —Ç–µ–±—è –±—ã–ª–∏?

""–ó–∞ –≤—Ä–µ–º—è –æ–±—É—á–µ–Ω–∏—è –æ—Å–≤–æ–∏–ª –º–Ω–æ–∂–µ—Å—Ç–≤–æ –¥–∏—Å—Ü–∏–ø–ª–∏–Ω, –∫–∞–∫ –æ–±—â–µ–∏–Ω—Å—Ç–∏—Ç—É—Ç—Å–∫–∏—Ö(–∏—Å—Ç–æ—Ä–∏—è, —Ñ–∏–ª–æ—Å–æ—Ñ–∏—è, –±–µ–∑–æ–ø–∞—Å–Ω–æ—Å—Ç—å –∂–∏–∑–Ω–µ–¥–µ—è—Ç–µ–ª—å–Ω–æ—Å—Ç–∏ –∏ —Ç.–ø.), —Ç–∞–∫ –∏ —Å–ø–µ—Ü–∏–∞–ª–∏–∑–∏—Ä–æ–≤–∞–Ω–Ω—ã—Ö ‚Äì –¢–µ–æ—Ä–∏—è —ç–ª–µ–∫—Ç—Ä–∏—á–µ—Å–∫–æ–π —Å–≤—è–∑–∏, –¢–µ–æ—Ä–∏—è –∏–Ω—Ñ–æ—Ä–º–∞—Ü–∏–∏, –°—Ç–∞–Ω–¥–∞—Ä—Ç—ã –∏ –æ—Ñ–æ—Ä–º–ª–µ–Ω–∏–µ –∏–Ω–∂–µ–Ω–µ—Ä–Ω–æ–π –¥–æ–∫—É–º–µ–Ω—Ç–∞—Ü–∏–∏, –û—Å–Ω–æ–≤—ã IP-—Ç–µ–ª–µ—Ñ–æ–Ω–∏–∏, –¢–µ—Ö–Ω–∏—á–µ—Å–∫–∞—è –ó–∞—â–∏—Ç–∞ –ò–Ω—Ñ–æ—Ä–º–∞—Ü–∏–∏, –∏ –ø—Ä–æ—á–∏–µ. –í–æ –≤—Ä–µ–º—è –∏–∑—É—á–µ–Ω–∏—è –¥–∏—Å—Ü–∏–ø–ª–∏–Ω, –∫–∞–∫ –ø–æ–¥—Ä–∞–∑—É–º–µ–≤–∞–µ—Ç —Å–∏—Å—Ç–µ–º–∞ –≤—ã—Å—à–µ–≥–æ –æ–±—Ä–∞–∑–æ–≤–∞–Ω–∏—è, —Å—Ç—É–¥–µ–Ω—Ç –ø–æ–ª—É—á–∞–µ—Ç –≤–æ–∑–º–æ–∂–Ω–æ—Å—Ç—å —Ä–∞–∑–≤–∏—Ç—å –∏ –Ω–∞—Ç—Ä–µ–Ω–∏—Ä–æ–≤–∞—Ç—å –Ω–µ–æ–±—Ö–æ–¥–∏–º—ã–µ –≤ –¥–∞–ª—å–Ω–µ–π—à–µ–π —Ä–∞–±–æ—Ç–µ –∫–æ–º–ø–µ—Ç–µ–Ω—Ü–∏–∏"".

–ß–µ–º—É —Ç—ã –Ω–∞—É—á–∏–ª—Å—è –∑–∞ —ç—Ç–æ –≤—Ä–µ–º—è?

""–Ø –ø—Ä–∏–æ–±—Ä–µ–ª —Ö–æ—Ä–æ—à–∏–µ –Ω–∞–≤—ã–∫–∏ –≤ –æ—Ñ–æ—Ä–º–ª–µ–Ω–∏–∏ –∏–Ω–∂–µ–Ω–µ—Ä–Ω–æ–π –¥–æ–∫—É–º–µ–Ω—Ç–∞—Ü–∏–∏, –∏—Å–ø–æ–ª—å–∑–æ–≤–∞–Ω–∏–∏ —Ä–∞–∑–ª–∏—á–Ω—ã—Ö –ø—Ä–æ–≥—Ä–∞–º–º–Ω—ã—Ö –∫–æ–º–ø–ª–µ–∫—Å–æ–≤, –Ω–µ–æ–±—Ö–æ–¥–∏–º—ã–º–∏ –≤ —Ä–∞–±–æ—Ç–µ –∏–Ω–∂–µ–Ω–µ—Ä—É (—Å–∏—Å—Ç–µ–º—ã –º–æ–¥–µ–ª–∏—Ä–æ–≤–∞–Ω–∏—è, —Å—Ä–µ–¥—ã –ø—Ä–æ–≥—Ä–∞–º–º–∏—Ä–æ–≤–∞–Ω–∏—è, –≥—Ä–∞—Ñ–∏—á–µ—Å–∫–∏–µ –∏ —Ç–µ–∫—Å—Ç–æ–≤—ã–µ —Ä–µ–¥–∞–∫—Ç–æ—Ä—ã, —Å—Ä–µ–¥—ã –¥–ª—è –∞–¥–º–∏–Ω–∏—Å—Ç—Ä–∏—Ä–æ–≤–∞–Ω–∏—è —Å–µ—Ç–µ–π, –∞ —Ç–∞–∫–∂–µ –æ–ø–µ—Ä–∞—Ü–∏–æ–Ω–Ω—ã–µ —Å–∏—Å—Ç–µ–º—ã); –∏–∑—É—á–∏–ª –ø—Ä–∏–Ω—Ü–∏–ø—ã —Ä–∞–±–æ—Ç—ã –∏ –ø—Ä–∞–≤–∏–ª–∞ —ç–∫—Å–ø–ª—É–∞—Ç–∞—Ü–∏–∏ –∞–ø–ø–∞—Ä–∞—Ç–Ω–æ–π –±–∞–∑—ã, –∏—Å–ø–æ–ª—å–∑—É–µ–º–æ–π –≤ —Ä–∞–±–æ—Ç–µ –∏–Ω–∂–µ–Ω–µ—Ä–∞ —Ç–µ–ª–µ–∫–æ–º–º—É–Ω–∏–∫–∞—Ü–∏–æ–Ω–Ω—ã—Ö —Å–µ—Ç–µ–π; –∏ –≤ –∫–æ–Ω–µ—á–Ω–æ–º —Å—á—ë—Ç–µ –ø–æ–ª—É—á–∏—Ç—å –±–æ–ª–µ–µ-–º–µ–Ω–µ–µ —Å–∏—Å—Ç–µ–º–∞—Ç–∏–∑–∏—Ä–æ–≤–∞–Ω–Ω—É—é –±–∞–∑—É –∑–Ω–∞–Ω–∏–π –æ —Å–ø–µ—Ü–∏–∞–ª—å–Ω–æ—Å—Ç–∏ –∏ –æ –¥–∞–ª—å–Ω–µ–π—à–µ–π —Ä–∞–±–æ—Ç–µ"".",19,0,0,1596,vk.com/wall-48632629_7728,5f00910eb54d3850c4041222
2020-06-27T12:59:47+03:00,7727,"}1 09.03.01 –ò–ù–§–û–†–ú–ê–¢–ò–ö–ê –ò –í–´–ß–ò–°–õ–ò–¢–ï–õ–¨–ù–ê–Ø –¢–ï–•–ù–ò–ö–ê

üôã‚Äç‚ôÇÔ∏è–§–µ—Ä—Ö–æ–≤ –ê–ª–µ–∫—Å–∞–Ω–¥—Ä, —Å—Ç—É–¥–µ–Ω—Ç –±–∞–∫–∞–ª–∞–≤—Ä–∏–∞—Ç–∞ –∫—Ä–∞—Ç–∫–æ —Ä–∞—Å—Å–∫–∞–∑–∞–ª –æ —Å–≤–æ–µ–º –æ–±—É—á–µ–Ω–∏–∏ –Ω–∞ –ø–µ—Ä–≤–æ–º –∫—É—Ä—Å–µ.

–ß–µ–º—É –∑–∞–Ω–∏–º–∞–µ—à—å—Å—è –Ω–∞ —Å–≤–æ–µ–π —Å–ø–µ—Ü–∏–∞–ª—å–Ω–æ—Å—Ç–∏?

""–í –¥–∞–Ω–Ω—ã–π –º–æ–º–µ–Ω—Ç —è –∏–∑—É—á–∞—é 2 —è–∑—ã–∫–∞ –ø—Ä–æ–≥—Ä–∞–º–º–∏—Ä–æ–≤–∞–Ω–∏—è (Python –∏ C), —É—á—É—Å—å –≥—Ä–∞–º–æ—Ç–Ω–æ –æ—Ñ–æ—Ä–º–ª—è—Ç—å –¥–æ–∫—É–º–µ–Ω—Ç—ã –≤ Word. –¢–∞–∫ –∂–µ –º—ã —É–∂–µ –Ω–∞—á–∞–ª–∏ —Ä–∞–±–æ—Ç–∞—Ç—å –Ω–∞–¥ —Å–æ–±—Å—Ç–≤–µ–Ω–Ω—ã–º–∏ –ø—Ä–æ–µ–∫—Ç–∞–º–∏"".

–ß—Ç–æ —Ç—ã –æ–∂–∏–¥–∞–µ—à—å –ø–æ–ª—É—á–∏—Ç—å –æ—Ç –≤—É–∑–∞?

""–Ø —Ö–æ—á—É –ø–æ–ª—É—á–∏—Ç—å –∫–∞–∫ –º–æ–∂–Ω–æ –±–æ–ª—å—à–µ —Ç–µ—Ö –∑–Ω–∞–Ω–∏–π, –∫–æ—Ç–æ—Ä—ã–µ –º–Ω–µ –¥–µ–π—Å—Ç–≤–∏—Ç–µ–ª—å–Ω–æ –±—É–¥—É—Ç –Ω—É–∂–Ω—ã"".",12,0,0,1341,vk.com/wall-48632629_7727,5f00910eb54d3850c4041223
2020-06-26T18:51:15+03:00,7726,"}1 09.04.03 –ò–ù–§–û–†–ú–ê–¶–ò–û–ù–ù–´–ï –°–ò–°–¢–ï–ú–´ –ù–ê –û–°–ù–û–í–ï –¢–ï–•–ù–û–õ–û–ì–ò–ô –î–û–ü–û–õ–ù–ï–ù–ù–û–ô  –ò –í–ò–†–¢–£–ê–õ–¨–ù–û–ô –†–ï–ê–õ–¨–ù–û–°–¢–ò

üë®üèª‚Äçüíª–•–∞–ª–µ–Ω–∫–æ–≤ –ê–ª–µ–∫—Å–∞–Ω–¥—Ä –∑–∞–∫–∞–Ω—á–∏–≤–∞–µ—Ç –º–∞–≥–∏—Å—Ç—Ä–∞—Ç—É—Ä—É –≤ —ç—Ç–æ–º –≥–æ–¥—É –∏ —Ä–∞—Å—Å–∫–∞–∑—ã–≤–∞–µ—Ç –æ —Å–≤–æ–∏—Ö –≤–ø–µ—á–∞—Ç–ª–µ–Ω–∏—è—Ö .

–ß–µ–º —Ç—ã –∑–∞–Ω–∏–º–∞–ª—Å—è –Ω–∞ —Å–≤–æ–µ–π —Å–ø–µ—Ü–∏–∞–ª—å–Ω–æ—Å—Ç–∏?

""–ù–∞—à–µ –Ω–∞–ø—Ä–∞–≤–ª–µ–Ω–∏–µ –ø–æ–¥–≥–æ—Ç–æ–≤–∫–∏ —Ñ–æ–∫—É—Å–∏—Ä–æ–≤–∞–ª–æ—Å—å –Ω–∞ –≤—Å–µ—Ö —Å—É—â–µ—Å—Ç–≤—É—é—â–∏—Ö —Ç–µ—Ö–Ω–æ–ª–æ–≥–∏—è—Ö –ø—Ä–∏–º–µ–Ω—è–µ–º—ã—Ö –ø—Ä–∏ —Ä–∞–∑—Ä–∞–±–æ—Ç–∫–∏ VR –∏ AR –ø—Ä–æ–µ–∫—Ç–æ–≤. –ù–∞—Å –ø–æ–∑–Ω–∞–∫–æ–º–∏–ª–∏ —Å 3DSmax, –º–æ—â–Ω—ã–º —Ä–µ–¥–∞–∫—Ç–æ—Ä–æ–º –¥–ª—è 3D-–º–æ–¥–µ–ª–∏–Ω–≥–∞, –≥–¥–µ –Ω–∞—Å —É—á–∏–ª–∏ –¥–µ–ª–∞—Ç—å 3D-–º–æ–¥–µ–ª–∏, —Å—Ü–µ–Ω—ã –∏ –∞–Ω–∏–º–∞—Ü–∏–∏. –≠—Ç–æ –æ—á–µ–Ω—å –∏–Ω—Ç–µ—Ä–µ—Å–Ω–æ, –∫–æ–≥–¥–∞ —Ç—ã –ø–æ–Ω–∏–º–∞–µ—à—å –∫–∞–∫ —ç—Ç–æ —Ä–∞–±–æ—Ç–∞–µ—Ç, —ç—Ç–æ –Ω–∞—Å—Ç–æ—è—â–µ–µ —Ç–≤–æ—Ä—á–µ—Å—Ç–≤–æ –≤ –º–∏—Ä–µ —Ç–µ—Ö–Ω–æ–ª–æ–≥–∏–π. –ï—â–µ –Ω–∞—Å –ø–æ–∑–Ω–∞–∫–æ–º–∏–ª–∏ —Å —Ç–∞–∫–æ–π –ø–ª–∞—Ç—Ñ–æ—Ä–º–æ–π –¥–ª—è —Ä–∞–∑—Ä–∞–±–æ—Ç–∫–∏ –ø–æ–¥ VR\AR, –∫–∞–∫ Vuforia, –∫–æ—Ç–æ—Ä–∞—è –ø–æ–¥–∫–ª—é—á–∞–µ—Ç—Å—è –∫ –¥–≤–∏–∂–∫—É Unity, –≤ –Ω–µ–π –º—ã –¥–µ–ª–∞–ª–∏ —Ä–∞–∑–ª–∏—á–Ω—ã–µ AR-–ø—Ä–æ–µ–∫—Ç—ã. –¢–∞–∫–∂–µ –Ω–∞–º –±—ã–ª–∏ –¥–æ—Å—Ç—É–ø–Ω—ã —Å–æ–≤—Ä–µ–º–µ–Ω–Ω—ã–µ —à–ª–µ–º—ã –≤–∏—Ä—Ç—É–∞–ª—å–Ω–æ–π —Ä–µ–∞–ª—å–Ω–æ—Å—Ç–∏, —Ç–∞–∫–∏–µ –∫–∞–∫ Oculus Rift –∏ HTC Vive. –ì–¥–µ –∫–∞–∂–¥—ã–π –∏–∑ –Ω–∞—Å –≤ –ª—é–±–æ–π –º–æ–º–µ–Ω—Ç –º–æ–≥ —Å —ç—Ç–∏–º –ø–æ–∑–Ω–∞–∫–æ–º–∏—Ç—å—Å—è –∏ –ø–µ—Ä–µ–∂–∏—Ç—å VR-–æ–ø—ã—Ç, –ø–æ–∏–≥—Ä–∞—Ç—å—Å—è - –µ—Å–ª–∏ –ø–æ–ø—Ä–æ—â–µ. –¢–∞–∫–∂–µ –Ω–∞—Å –Ω–∞—É—á–∏–ª–∏ –≤–µ—Å—Ç–∏ –∂–∏–∑–Ω–µ–Ω–Ω—ã–π —Ü–∏–∫–ª –ü–û, –ø–ª–∞–Ω–∏—Ä–æ–≤–∞—Ç—å —Ä–∞–∑–≤–∏—Ç–∏–µ –ø—Ä–æ–µ–∫—Ç–∞ –∏ –µ–≥–æ –ø–æ–¥–¥–µ—Ä–∂–∫—É. –î–∞, –±—ã–ª–∏ –≤—Å—è–∫–∏–µ –æ–±—â–∏–µ –¥–∏—Å—Ü–∏–ø–ª–∏–Ω—ã, –≤ —Ä–æ–¥–µ —Ç–æ–π –∂–µ –ø—Å–∏—Ö–æ–ª–æ–≥–∏–∏ –∏ –ø–æ–¥–æ–±–Ω—ã—Ö. –ù–æ –≤—Å–µ –æ–Ω–∏ –≤–∫—É–ø–µ —è–≤–ª—è—é—Ç—Å—è —Ü–µ–ª–æ—Å—Ç–Ω–æ–π –ø—Ä–æ–≥—Ä–∞–º–º–æ–π, –±–µ–∑ –ª–∏—à–Ω–µ–≥–æ, –∫–æ—Ç–æ—Ä–∞—è —Ç–µ–±—è –≤–æ–≤–ª–µ–∫–∞–µ—Ç –∏ —Ç—ã –∑–Ω–∞–µ—à—å –¥–ª—è —á–µ–≥–æ —Ç–µ–±–µ –≤—Å–µ —ç—Ç–æ —É—á–∏—Ç—å –∏ –ø–æ—á–µ–º—É –Ω–µ–ª—å–∑—è –∑–∞–±–∏–≤–∞—Ç—å –Ω–∏ –Ω–∞ —á—Ç–æ"".

–ß–µ–º —Ç—ã –∑–∞–Ω–∏–º–∞–µ—à—å—Å—è —Å–µ–π—á–∞—Å?

""–ù–∞ –¥–∞–Ω–Ω—ã–π –º–æ–º–µ–Ω—Ç —è —è–≤–ª—è—é—Å—å —Å—Ç–∞–∂–µ—Ä–æ–º –≤ –∫–æ–º–ø–∞–Ω–∏–∏ Dunice, –ø–æ—Å–∫–æ–ª—å–∫—É —Å—Ç—É–¥–∏–π —Å–≤—è–∑–∞–Ω–Ω—ã—Ö —Å —Ä–∞–∑—Ä–∞–±–æ—Ç–∫–æ–π VR –∫–µ–π—Å–æ–≤ –≤ –¢–∞–≥–∞–Ω—Ä–æ–≥–µ –µ—Å—Ç—å —Ä–æ–≤–Ω–æ –Ω–æ–ª—å, –æ–¥–Ω–∞–∫–æ —Ç–æ, —á–µ–º —è —Å–µ–π—á–∞—Å –∑–∞–Ω–∏–º–∞—é—Å—å, —ç—Ç–æ –≤–≤–µ–¥–µ–Ω–∏–µ –≤–æ —Ñ—Ä–æ–Ω—Ç–µ–Ω–¥ —Ä–∞–∑—Ä–∞–±–æ—Ç–∫—É, –ø—Ä–µ–¥—Å—Ç–∞–≤–ª—è–µ—Ç –¥–ª—è –º–µ–Ω—è –Ω–µ –º–µ–Ω—å—à–∏–π –∏–Ω—Ç–µ—Ä–µ—Å"".",5,0,0,1155,vk.com/wall-48632629_7726,5f00910eb54d3850c4041224
2020-06-26T16:56:45+03:00,7725,"}1 –ù–ê–ë–û–† –°–û–¢–†–£–î–ù–ò–ö–û–í –í –ü–ê–û ¬´–¢–ú–ö¬ª

üòâ–í –û–±–æ—Å–æ–±–ª–µ–Ω–Ω–æ–µ –ø–æ–¥—Ä–∞–∑–¥–µ–ª–µ–Ω–∏–µ –ü–ê–û ¬´–¢–ú–ö¬ª –≤ –≥. –¢–∞–≥–∞–Ω—Ä–æ–≥ –æ—Ç–∫—Ä—ã—Ç –Ω–∞–±–æ—Ä —Å–æ—Ç—Ä—É–¥–Ω–∏–∫–æ–≤ –Ω–∞ –Ω–æ–≤—ã–µ –ø—Ä–æ–µ–∫—Ç—ã, –∑–∞—Ç—Ä–∞–≥–∏–≤–∞—é—â–∏–µ —Ä–∞–∑–ª–∏—á–Ω—ã–µ –∞—Å–ø–µ–∫—Ç—ã –∞–≤—Ç–æ–º–∞—Ç–∏–∑–∞—Ü–∏–∏ –¥–µ—è—Ç–µ–ª—å–Ω–æ—Å—Ç–∏ –ø—Ä–µ–¥–ø—Ä–∏—è—Ç–∏—è: MES, –°–ò–ü, LIMS, –¢–û–†–û –∏ –¥—Ä—É–≥–∏–µ.
   
üìù–£—Å–ª–æ–≤–∏—è:
- –ü–æ–ª–Ω–∞—è –∑–∞–Ω—è—Ç–æ—Å—Ç—å;
- –ü—è—Ç–∏–¥–Ω–µ–≤–Ω–∞—è —Ä–∞–±–æ—á–∞—è –Ω–µ–¥–µ–ª—è;
- –ó–ü –æ—Ç 30 000 —Ä—É–±. –ø–æ —Ä–µ–∑—É–ª—å—Ç–∞—Ç–∞–º —Å–æ–±–µ—Å–µ–¥–æ–≤–∞–Ω–∏—è.

–û–±—Ä–∞–∑–æ–≤–∞–Ω–∏–µ: –ø—Ä–æ—Ñ–∏–ª—å–Ω–æ–µ –∑–∞–∫–æ–Ω—á–µ–Ω–Ω–æ–µ –≤—ã—Å—à–µ–µ —Ç–µ—Ö–Ω–∏—á–µ—Å–∫–æ–µ (–∞–≤—Ç–æ–º–∞—Ç–∏–∑–∏—Ä–æ–≤–∞–Ω–Ω—ã–µ —Å–∏—Å—Ç–µ–º—ã, –ø—Ä–æ–≥—Ä–∞–º–º–∏—Ä–æ–≤–∞–Ω–∏–µ, –ø—Ä–∏–∫–ª–∞–¥–Ω–∞—è –º–∞—Ç–µ–º–∞—Ç–∏–∫–∞, —Å–∏—Å—Ç–µ–º–Ω—ã–π –∞–Ω–∞–ª–∏–∑ –∏ —É–ø—Ä–∞–≤–ª–µ–Ω–∏–µ).
   
üíÅüèª‚Äç‚ôÇÔ∏è–û—Ç —Ç–µ–±—è:
- –û–±—â–∏–µ –∑–Ω–∞–Ω–∏—è –≤ –æ–±–ª–∞—Å—Ç–∏ —Å–æ–≤—Ä–µ–º–µ–Ω–Ω—ã—Ö —Ç–µ—Ö–Ω–æ–ª–æ–≥–∏–π –ø–æ—Å—Ç—Ä–æ–µ–Ω–∏—è –ò–°;
- –ù–∞–ª–∏—á–∏–µ –Ω–∞–≤—ã–∫–æ–≤ –ø—Ä–æ–µ–∫—Ç–∏—Ä–æ–≤–∞–Ω–∏—è –ë–î (ORACLE, MSSQL);
- –£–º–µ–Ω–∏–µ –∞–Ω–∞–ª–∏–∑–∏—Ä–æ–≤–∞—Ç—å, –æ–±–æ–±—â–∞—Ç—å –∏ –æ–ø–∏—Å—ã–≤–∞—Ç—å –±–∏–∑–Ω–µ—Å-–ø—Ä–æ—Ü–µ—Å—Å—ã;
- –£–º–µ–Ω–∏–µ –≤–µ—Å—Ç–∏ –¥–µ–ª–æ–≤—É—é –ø–µ—Ä–µ–ø–∏—Å–∫—É –ø–æ e-mail, –¥–µ–ª–æ–≤—ã–µ —Ä–∞–∑–≥–æ–≤–æ—Ä—ã –ø–æ —Ç–µ–ª–µ—Ñ–æ–Ω—É;
- –í–ª–∞–¥–µ–Ω–∏–µ –æ—Ñ–∏—Å–Ω—ã–º–∏ –ø—Ä–∏–ª–æ–∂–µ–Ω–∏—è–º–∏ –ø–∞–∫–µ—Ç–∞ MS Office: Outlook, Word, Excel, Power Point;
- –ê–Ω–≥–ª–∏–π—Å–∫–∏–π —è–∑—ã–∫ (–Ω–µ –Ω–∏–∂–µ –±–∞–∑–æ–≤–æ–≥–æ —É—Ä–æ–≤–Ω—è, –¥–æ—Å—Ç–∞—Ç–æ—á–Ω–æ–≥–æ –¥–ª—è —Ä–∞–±–æ—Ç—ã —Å —Ç–µ—Ö–Ω–∏—á–µ—Å–∫–æ–π –¥–æ–∫—É–º–µ–Ω—Ç–∞—Ü–∏–µ–π).

–ü—Ä–∏–≤–µ—Ç—Å—Ç–≤—É–µ—Ç—Å—è:
- –û–ø—ã—Ç —Ä–∞–∑—Ä–∞–±–æ—Ç–∫–∏ —Å–ª–æ–∂–Ω—ã—Ö –º–æ–¥–µ–ª–µ–π –¥–∞–Ω–Ω—ã—Ö –∏ –∞–ª–≥–æ—Ä–∏—Ç–º–æ–≤;
- –ù–∞–ª–∏—á–∏–µ –Ω–∞–≤—ã–∫–æ–≤ —Ä–∞–±–æ—Ç—ã —Å –≤—ã—Å–æ–∫–æ—É—Ä–æ–≤–Ω–µ–≤—ã–º–∏ —è–∑—ã–∫–∞–º–∏ –ø—Ä–æ–≥—Ä–∞–º–º–∏—Ä–æ–≤–∞–Ω–∏—è (JAVA, C#);
- –ù–∞–ª–∏—á–∏–µ –∫–æ–º–ø–µ—Ç–µ–Ω—Ü–∏–π –≤ ANSI SQL, PL/SQL; HTTP(S), HTML, SOAP, Angular; XML/XSLT, SOAP, REST API (–ò–Ω—Ç–µ–≥—Ä–∞—Ü–∏—è), Python 3 (–ü–ª–∞–Ω–∏—Ä–æ–≤–∞–Ω–∏–µ).

üôãüèª‚Äç‚ôÄÔ∏è–û—Å–Ω–æ–≤–Ω—ã–µ –æ–±—è–∑–∞–Ω–Ω–æ—Å—Ç–∏
- –ü—Ä–æ–≤–µ–¥–µ–Ω–∏–µ –ø–µ—Ä–µ–≥–æ–≤–æ—Ä–æ–≤ —Å –±–∏–∑–Ω–µ—Å-–∑–∞–∫–∞–∑—á–∏–∫–∞–º–∏, –≤—ã—è–≤–ª–µ–Ω–∏–µ –∏ –¥–æ–∫—É–º–µ–Ω—Ç–∏—Ä–æ–≤–∞–Ω–∏–µ –ø–æ—Ç—Ä–µ–±–Ω–æ—Å—Ç–µ–π (AS-IS), –ø—Ä–æ–µ–∫—Ç–∏—Ä–æ–≤–∞–Ω–∏–µ –∏ –æ–ø–∏—Å–∞–Ω–∏–µ —Ç–µ—Ö–Ω–æ–ª–æ–≥–∏–∏ –≤—ã–ø–æ–ª–Ω–µ–Ω–∏—è –±–∏–∑–Ω–µ—Å-–ø—Ä–æ—Ü–µ—Å—Å–æ–≤ (TO-BE);
- –ö–æ–Ω—Ñ–∏–≥—É—Ä–∏—Ä–æ–≤–∞–Ω–∏–µ —Å–∏—Å—Ç–µ–º—ã –¥–ª—è –≤—ã–ø–æ–ª–Ω–µ–Ω–∏—è –±–∏–∑–Ω–µ—Å-–ø—Ä–æ—Ü–µ—Å—Å–æ–≤;
- –î–æ–∫—É–º–µ–Ω—Ç–∏—Ä–æ–≤–∞–Ω–∏–µ –Ω–∞—Å—Ç—Ä–æ–µ–∫;
- –¢–µ—Å—Ç–∏—Ä–æ–≤–∞–Ω–∏–µ –≤—ã–ø–æ–ª–Ω–µ–Ω–∏—è –±–∏–∑–Ω–µ—Å-–ø—Ä–æ—Ü–µ—Å—Å–æ–≤;
- –û–ø–∏—Å–∞–Ω–∏–µ –∏ –∫–ª–∞—Å—Å–∏—Ñ–∏–∫–∞—Ü–∏—è –æ—à–∏–±–æ–∫/–Ω–µ–¥–æ—á–µ—Ç–æ–≤;
- –†–∞–∑—Ä–∞–±–æ—Ç–∫–∞ —Ç—Ä–µ–±–æ–≤–∞–Ω–∏–π –¥–ª—è –≤—ã–ø–æ–ª–Ω–µ–Ω–∏—è –º–æ–¥–∏—Ñ–∏–∫–∞—Ü–∏–π —Å–∏—Å—Ç–µ–º—ã, –∫–æ–Ω—Å—É–ª—å—Ç–∏—Ä–æ–≤–∞–Ω–∏–µ –ø—Ä–æ–≥—Ä–∞–º–º–∏—Å—Ç–æ–≤, –ø—Ä–∏–µ–º–∫–∞ —Ñ—É–Ω–∫—Ü–∏–æ–Ω–∞–ª–∞;
- –†–∞–∑—Ä–∞–±–æ—Ç–∫–∞ –∏–Ω—Å—Ç—Ä—É–∫—Ü–∏–π –¥–ª—è –ø–æ–ª—å–∑–æ–≤–∞—Ç–µ–ª–µ–π;
- –û–±—É—á–µ–Ω–∏–µ –±–∏–∑–Ω–µ—Å-–ø–æ–ª—å–∑–æ–≤–∞—Ç–µ–ª–µ–π;
- –û–±—Ä–∞–±–æ—Ç–∫–∞ –∏–Ω—Ü–∏–¥–µ–Ω—Ç–æ–≤ –ø–æ –ª–∏–Ω–∏–∏ —Ç–µ—Ö–Ω–∏—á–µ—Å–∫–æ–π –ø–æ–¥–¥–µ—Ä–∂–∫–∏.
   
üì±Ô∏è–ö–æ–Ω—Ç–∞–∫—Ç—ã: TkachenkoVV@tmk-group.com
 –¢–∫–∞—á–µ–Ω–∫–æ –í–ª–∞–¥–∏–º–∏—Ä –í–∏–∫—Ç–æ—Ä–æ–≤–∏—á, –Ω–∞—á–∞–ª—å–Ω–∏–∫  –£–ø—Ä–∞–≤–ª–µ–Ω–∏—è –∏–Ω—Ñ–æ—Ä–º–∞—Ü–∏–æ–Ω–Ω—ã—Ö —Å–∏—Å—Ç–µ–º.",4,1,0,1190,vk.com/wall-48632629_7725,5f00910eb54d3850c4041225
2020-06-26T12:45:19+03:00,7723,"}1 10.05.05 –ë–ï–ó–û–ü–ê–°–ù–û–°–¢–¨ –ò–ù–§–û–†–ú–ê–¶–ò–û–ù–ù–´–• –¢–ï–•–ù–û–õ–û–ì–ò–ô –í –ü–†–ê–í–û–û–•–†–ê–ù–ò–¢–ï–õ–¨–ù–û–ô –°–§–ï–†–ï

üíÅ–ê–ª–∏—Å–∞ –ß–µ–±–æ—Ç–∞—Ä–µ–≤–∞ –æ–±—É—á–∞–µ—Ç—Å—è –Ω–∞ —Å–ø–µ—Ü–∏–∞–ª–∏—Ç–µ—Ç–µ –∏ —Ä–∞—Å—Å–∫–∞–∑–∞–ª–∞ –Ω–∞–º –ø—Ä–æ —Å–≤–æ—é —Å–ø–µ—Ü–∏–∞–ª—å–Ω–æ—Å—Ç—å.

–†–∞—Å—Å–∫–∞–∂–∏ –æ —Å–≤–æ–∏—Ö –≤–ø–µ—á–∞—Ç–ª–µ–Ω–∏—è—Ö.

""–Ø –æ–±—É—á–∞—é—Å—å –Ω–µ —Ç–∞–∫ –¥–æ–ª–≥–æ. –ó–∞ –≤–µ—Å—å –∫—É—Ä—Å —è –Ω–∞—É—á–∏–ª–∞—Å—å —Ä–∞—Å–ø—Ä–µ–¥–µ–ª—è—Ç—å –≤—Ä–µ–º—è –∏ –≤–æ–∑–º–æ–∂–Ω–æ—Å—Ç–∏. –ü–æ–≤—ã—Å–∏–ª–∞ –Ω–∞–≤—ã–∫ —Ä–∞–±–æ—Ç—ã –≤ –∫–æ–º–∞–Ω–¥–µ. –ì–æ–≤–æ—Ä—è –æ –¥–∏—Å—Ü–∏–ø–ª–∏–Ω–∞—Ö, —Ç–æ —è –æ—Ç–∫—Ä—ã–ª–∞ –¥–ª—è —Å–µ–±—è –ø—Ä–æ–≥—Ä–∞–º–∏—Ä–æ–≤–∞–Ω–∏–µ –∏ –º–∞—Ç–µ–º–∞—Ç–∏–∫—É –≤ –Ω–æ–≤–æ–º —Å–≤–µ—Ç–µ. –ó–∞  –∫—É—Ä—Å —è —Å–º–µ–Ω–∏–ª–∞ –æ—Ç–Ω–æ—à–µ–Ω–∏–µ –∫ —ç—Ç–∏–º –ø—Ä–µ–¥–º–µ—Ç–∞–º –æ—Ç –Ω–µ–Ω–∞–≤–∏—Å—Ç–∏ –¥–æ –±–µ–∑—É–º–Ω–æ–π –ª—é–±–≤–∏. –Ø –ø–æ–≤–∑—Ä–æ—Å–ª–µ–ª–∞ –±–ª–∞–≥–æ–¥–∞—Ä—è –æ–±—É—á–µ–Ω–∏—é –≤ —É–Ω–∏–≤–µ—Ä—Å–∏—Ç–µ—Ç–µ, –æ—Å–æ–∑–Ω–∞–ª–∞, —á—Ç–æ –ª—é–¥–∏ –Ω–µ –∞–±—Å–æ–ª—é—Ç–Ω–æ –Ω–∏—á–µ–º —Ç–µ–±–µ –Ω–µ –æ–±—è–∑–∞–Ω—ã, –∏, –µ—Å–ª–∏ —Ç—ã —Ö–æ—á–µ—à—å —á–µ–≥–æ-—Ç–æ –¥–æ—Å—Ç–∏—á—å, —Ç–æ –Ω—É–∂–Ω–æ –≤ –ø–µ—Ä–≤—É—é –æ—á–µ—Ä–µ–¥—å –ø–æ–ª–∞–≥–∞—Ç—å—Å—è –Ω–∞ —Å–µ–±—è, –∞ –ø–æ—Ç–æ–º —É–∂–µ –∏—Å–∫–∞—Ç—å –ø–æ–º–æ—â–∏ —Å–æ —Å—Ç–æ—Ä–æ–Ω—ã"".

–ö–∞–∫–∏–µ –ø–ª–∞–Ω—ã –Ω–∞ –±—É–¥—É—â–µ–µ –≤ —Ç–≤–æ—ë–º –æ–±—É—á–µ–Ω–∏–∏?

""–Ø –ø–æ–∫–∞ –Ω–µ –ø–æ–Ω—è–ª–∞, —á–µ–º –∫–æ–Ω–∫—Ä–µ—Ç–Ω–æ –±—É–¥—É –∑–∞–Ω–∏–º–∞—Ç—å—Å—è –Ω–∞ —Å–≤–æ–µ–π —Å–ø–µ—Ü–∏–∞–ª—å–Ω–æ—Å—Ç–∏, –Ω–æ –≤–∏–∂—É, —á—Ç–æ —ç—Ç–æ –ø—Ä–æ—Å—Ç–æ –æ–∫–µ–∞–Ω –≤–æ–∑–º–æ–∂–Ω–æ—Å—Ç–µ–π, –ø–æ—ç—Ç–æ–º—É –ø—ã—Ç–∞—é—Å—å –æ—Å–≤–æ–∏—Ç—å –µ–µ –Ω–µ —Ç–æ–ª—å–∫–æ –≤ –∏–Ω—Å—Ç–∏—Ç—É—Ç–µ, –Ω–æ –∏ —Å–∞–º–æ—Å—Ç–æ—è—Ç–µ–ª—å–Ω–æ"".",11,0,0,1292,vk.com/wall-48632629_7723,5f00910eb54d3850c4041226
2020-06-25T18:00:13+03:00,7722,"}1 27.04.03 –°–ò–°–¢–ï–ú–ù–´–ô –ò–ù–ñ–ò–ù–ò–†–ò–ù–ì

üë©‚Äçüíº–Æ–ª–∏—è –í–æ–ª–≥–∏–Ω–∞ –ø–æ–¥–µ–ª–∏–ª–∞—Å—å —Å–≤–æ–∏–º–∏ –≤–ø–µ—á–∞—Ç–ª–µ–Ω–∏—è–º–∏ –æ–± —É—á–µ–±–µ –≤ –≤—É–∑–µ.

–ß—Ç–æ –Ω–∞–∏–±–æ–ª–µ–µ –∏–Ω—Ç–µ—Ä–µ—Å–Ω–æ–µ —Ç—ã –∑–∞–ø–æ–º–Ω–∏–ª–∞ –Ω–∞ —Å–≤–æ–µ–π —Å–ø–µ—Ü–∏–∞–ª—å–Ω–æ—Å—Ç–∏?

""–ù–µ –º–æ–≥–ª–æ –Ω–µ –∑–∞–ø–æ–º–Ω–∏—Ç—å—Å—è —Ä–∞–±–æ—Ç–∞ –≤ MATLAB, —ç—Ç–æ –±—ã–ª–æ –¥–æ—Å—Ç–∞—Ç–æ—á–Ω–æ –∏–Ω—Ç–µ—Ä–µ—Å–Ω–æ, –æ—Å–æ–±–µ–Ω–Ω–æ –º–æ–¥–µ–ª–∏—Ä–æ–≤–∞–Ω–∏–µ. –ù–µ –≤—Å–µ–≥–¥–∞ –≤—Å–µ –ø–æ–ª—É—á–∞–ª–æ—Å—å, –Ω–æ –∫–æ–≥–¥–∞ –ø–æ–ª—É—á–∞–ª–æ—Å—å –æ—á–µ–Ω—å —Ä–∞–¥–æ–≤–∞–ª–∏—Å—å. –ï—â—ë –±—ã–ª –æ—á–µ–Ω—å –∏–Ω—Ç–µ—Ä–µ—Å–Ω—ã–π –ø—Ä–µ–¥–º–µ—Ç, –≥–¥–µ –º—ã –∫–∞—Å–∞–ª–∏—Å—å –¢–µ–æ—Ä–∏–∏ —Ö–∞–æ—Å–∞. –û–ø–∏—Å–∞–Ω–∏–µ –Ω–µ–ª–∏–Ω–µ–π–Ω—ã—Ö –¥–∏–Ω–∞–º–∏—á–µ—Å–∫–∏—Ö –º–æ–¥–µ–ª–µ–π, –∫–æ—Ç–æ—Ä—ã–µ –æ–ø–∏—Å—ã–≤–∞—é—Ç –ø—Ä–æ—Ü–µ—Å—Å—ã —á—É—Ç—å –ª–∏ –Ω–µ –≤–µ–∑–¥–µ: –≤ –∫–æ—Å–º–æ—Å–µ, –≤ –±–∏–æ–ª–æ–≥–∏–∏, –∏ –¥–∞–∂–µ –≤ —ç–∫–æ–Ω–æ–º–∏–∫–µ. –ß–µ—Å—Ç–Ω–æ, –Ω–µ –≤—Å–µ–≥–¥–∞ –±—ã–ª–æ –≤—Å–µ –ø–æ–Ω—è—Ç–Ω–æ, –Ω–æ –æ—á–µ–Ω—å –∏–Ω—Ç–µ—Ä–µ—Å–Ω–æ"".

–ß—Ç–æ –µ—â—ë –∑–∞–ø–æ–º–Ω–∏–ª–æ—Å—å?

""–ï—Å–ª–∏ –±—Ä–∞—Ç—å –æ–±—É—á–µ–Ω–∏–µ –≤–æ –≤—Ä–µ–º—è –º–∞–≥–∏—Å—Ç—Ä–∞—Ç—É—Ä—ã, —Ç–æ –æ—á–µ–Ω—å —Ö–æ—Ä–æ—à–æ –∑–∞–ø–æ–º–Ω–∏–ª—Å—è –∫—É—Ä—Å –ø—Å–∏—Ö–æ–ª–æ–≥–∏–∏. –£–ø—Ä–∞–≤–ª–µ–Ω–∏–µ –º–∞–ª—ã–º–∏ –≥—Ä—É–ø–ø–∞–º–∏, —Ä–∞–±–æ—Ç–∞ —Å —Ä—É–∫–æ–≤–æ–¥–∏—Ç–µ–ª–µ–º, –ø—É–±–ª–∏—á–Ω—ã–µ –≤—ã—Å—Ç—É–ø–ª–µ–Ω–∏—è - –¥—É–º–∞—é, –º–Ω–æ–≥–∏–µ –≤–µ—â–∏ –∏–∑ –∫—É—Ä—Å–∞ –ø—Å–∏—Ö–æ–ª–æ–≥–∏–∏ –ø—Ä–∏–≥–æ–¥—è—Ç—Å—è –≤ —Å—Ñ–µ—Ä–µ —É–ø—Ä–∞–≤–ª–µ–Ω–∏—è, —Ö–æ—Ç—å —ç—Ç–æ –º–æ–∂–µ—Ç –±—ã—Ç—å –ø–æ–Ω—è—Ç–Ω–æ –Ω–µ —Å—Ä–∞–∑—É"".",7,0,0,1349,vk.com/wall-48632629_7722,5f00910eb54d3850c4041227
2020-06-25T12:19:21+03:00,7720,"}1 09.03.01 –ò–ù–§–û–†–ú–ê–¢–ò–ö–ê –ò –í–´–ß–ò–°–õ–ò–¢–ï–õ–¨–ù–ê–Ø –¢–ï–•–ù–ò–ö–ê

üôãüèª‚Äç‚ôÄÔ∏è –°—Ç—É–¥–µ–Ω—Ç–∫–∞ –±–∞–∫–∞–ª–∞–≤—Ä–∏–∞—Ç–∞ –ê—Ä—Ö–∏–ø–µ–Ω–∫–æ –ê–Ω–∞—Å—Ç–∞—Å–∏—è —Å–∫–∞–∑–∞–ª–∞ –ø–∞—Ä—É —Å–ª–æ–≤ –æ —Å–≤–æ–µ–π —Å–ø–µ—Ü–∏–∞–ª—å–Ω–æ—Å—Ç–∏.

–ß–µ–º—É —É—á–∞—Ç –≤ –≤—É–∑–µ?

""–í –ø–µ—Ä–≤—ã—Ö —Å–µ–º–µ—Å—Ç—Ä–∞—Ö –∏–∑—É—á–∞–µ–º —è–∑—ã–∫–∏ –ø—Ä–æ–≥—Ä–∞–º–º–∏—Ä–æ–≤–∞–Ω–∏—è: –°, –°++, –°# . –†–∞–±–æ—Ç–∞–µ–º –Ω–∞ —Ä–∞–∑–ª–∏—á–Ω—ã—Ö –æ–ø–µ—Ä–∞—Ü–∏–æ–Ω–Ω—ã—Ö —Å–∏—Å—Ç–µ–º–∞—Ö, —Ä–∞–∑–±–∏—Ä–∞–µ–º—Å—è –≤ –∫–æ–º–ø—å—é—Ç–µ—Ä–Ω—ã—Ö —Å–µ—Ç—è—Ö. –ü–∞—Ä—É —Å–µ–º–µ—Å—Ç—Ä–æ–≤ –∑–∞–Ω–∏–º–∞–ª–∏—Å—å –º–æ–¥–µ–ª–∏—Ä–æ–≤–∞–Ω–∏–µ–º –∏ —Ç–µ–æ—Ä–∏—è–º–∏ –ø—Ä–∏–Ω—è—Ç–∏—è —Ä–µ—à–µ–Ω–∏–π. –ù–∞ —Å—Ç–∞—Ä—à–∏—Ö –∫—É—Ä—Å–∞—Ö –∑–∞–Ω–∏–º–∞–µ–º—Å—è –≤—Å–µ–º, —á—Ç–æ —Å–≤—è–∑–∞–Ω–Ω–æ —Å –±–∞–∑–∞–º–∏ –¥–∞–Ω–Ω—ã—Ö. –ü–æ –º–∏–º–æ –ø—Ä–æ—Ñ–∏–ª—å–Ω—ã—Ö –¥–∏—Å—Ü–∏–ø–ª–∏–Ω, –∑–∞–∏–Ω—Ç–µ—Ä–µ—Å–æ–≤–∞–ª–∏ –ø—Å–∏—Ö–æ–ª–æ–≥–∏—è –∏ —Ñ–∏–ª–æ—Å–æ—Ñ–∏—è.‚Äù

–ß—Ç–æ –µ—â—ë –¥–µ–ª–∞–µ—à—å –Ω–∞ —Å–≤–æ–µ–π —Å–ø–µ—Ü–∏–∞–ª—å–Ω–æ—Å—Ç–∏, –∫—Ä–æ–º–µ —Å—Ç–∞–Ω–¥–∞—Ä—Ç–Ω—ã—Ö –¥–∏—Å—Ü–∏–ø–ª–∏–Ω?

""–° –ø–µ—Ä–≤–æ–≥–æ –∫—É—Ä—Å–∞ –º—ã –∑–∞–Ω–∏–º–∞–µ–º—Å—è —Ç–≤–æ—Ä—á–µ—Å–∫–∏–º–∏ –ø—Ä–æ–µ–∫—Ç–∞–º–∏, –≤ –∫–æ—Ç–æ—Ä—ã—Ö –∫–æ–º–∞–Ω–¥–Ω–æ —Å–æ–∑–¥–∞—ë–º –∫–∞–∫–æ–π-–Ω–∏–±—É–¥—å –ø–æ–ª–µ–∑–Ω—ã–π –ø—Ä–æ–¥—É–∫—Ç. –í –ø–µ—Ä–≤–æ–º —Å–≤–æ–µ–º –ø—Ä–æ–µ–∫—Ç–µ, —è —Å —Ä–µ–±—è—Ç–∞–º–∏ —Å–æ–∑–¥–∞–≤–∞–ª–∞ –º–æ–±–∏–ª—å–Ω–æ–µ –ø—Ä–∏–ª–æ–∂–µ–Ω–∏–µ, –∫–æ—Ç–æ—Ä–æ–µ –ø–æ–º–æ–≥–∞–µ—Ç –∫–æ–Ω—Ç—Ä–æ–ª–∏—Ä–æ–≤–∞—Ç—å —Ä–∞—Å—Ö–æ–¥—ã. –í–æ-–≤—Ç–æ—Ä–æ–º - —É–∂–µ –±–æ–ª—å—à–æ–π –∫–æ–º–∞–Ω–¥–æ–π –º—ã –¥–µ–ª–∞–ª–∏ RPG-–∏–≥—Ä—É"".",16,1,0,1601,vk.com/wall-48632629_7720,5f00910eb54d3850c4041228
2020-06-24T18:00:13+03:00,7719,"}1 09.04.04 –ü–†–û–ì–†–ê–ú–ú–ù–ê–Ø –ò–ù–ñ–ï–ù–ï–†–ò–Ø 
 
üë®‚Äçüéì–ò–ª—å—è –®–µ–ø–µ–ª—å –≤ 2018 –≥–æ–¥—É –∑–∞–∫–æ–Ω—á–∏–ª –º–∞–≥–∏—Å—Ç—Ä–∞—Ç—É—Ä—É –∏ —Å–∫–∞–∑–∞–ª –ø–∞—Ä—É —Å–ª–æ–≤ –æ —Å–≤–æ–µ–º –æ–±—Ä–∞–∑–æ–≤–∞–Ω–∏–∏. 
 
–ß—Ç–æ —Å–∫–∞–∂–µ—à—å –ø–æ –ø–æ–≤–æ–¥—É –æ–±—É—á–µ–Ω–∏—è? 
 
""–í—Å–µ –¥–∏—Å—Ü–∏–ø–ª–∏–Ω—ã —ç—Ç–æ–π —Å–ø–µ—Ü–∏–∞–ª—å–Ω–æ—Å—Ç–∏ —Ç—Ä–µ–±—É—é—Ç –æ—Ç —Å—Ç—É–¥–µ–Ω—Ç–∞ —É–º–µ–Ω–∏—è –ø–∏—Å–∞—Ç—å –∫–æ–¥, –∏ –ø—Ä–∏ —ç—Ç–æ–º –æ–±—ã—á–Ω–æ –ø—Ä–µ–ø–æ–¥–∞–≤–∞—Ç–µ–ª–∏ –Ω–µ –∑–∞–¥–∞—é—Ç –∂—ë—Å—Ç–∫–∏—Ö –æ–≥—Ä–∞–Ω–∏—á–µ–Ω–∏–π –Ω–∞ —è–∑—ã–∫ –ø—Ä–æ–≥—Ä–∞–º–º–∏—Ä–æ–≤–∞–Ω–∏—è. –ë–æ–ª—å—à–∏–Ω—Å—Ç–≤–æ –∑–∞–¥–∞–Ω–∏–π –≤—ã –º–æ–∂–µ—Ç–µ —Å–¥–µ–ª–∞—Ç—å –Ω–∞ Python, C++, C# –∏–ª–∏ Java. –õ–∞–±–æ—Ä–∞—Ç–æ—Ä–Ω—ã—Ö –∏ –ø—Ä–∞–∫—Ç–∏—á–µ—Å–∫–∏—Ö —Ä–∞–±–æ—Ç –±—É–¥–µ—Ç –¥–æ—Å—Ç–∞—Ç–æ—á–Ω–æ –º–Ω–æ–≥–æ, —á—Ç–æ –¥–∞—ë—Ç –≤–æ–∑–º–æ–∂–Ω–æ—Å—Ç—å —Å—Ç—É–¥–µ–Ω—Ç–∞–º –æ—Ç—Ç–æ—á–∏—Ç—å —Å–≤–æ–∏ –ø—Ä–∞–∫—Ç–∏—á–µ—Å–∫–∏–µ –Ω–∞–≤—ã–∫–∏. –¢–µ–æ—Ä–µ—Ç–∏—á–µ—Å–∫–∞—è –ø–æ–¥–≥–æ—Ç–æ–≤–∫–∞ —Ç–∞–∫–∂–µ —à–∏—Ä–æ–∫–æ –ø—Ä–µ–¥—Å—Ç–∞–≤–ª–µ–Ω–∞ –∫–∞–∫ —Ñ—É–Ω–¥–∞–º–µ–Ω—Ç–∞–ª—å–Ω—ã–º–∏, —Ç–∞–∫ –∏ —Å–ø–µ—Ü–∏–∞–ª–∏–∑–∏—Ä–æ–≤–∞–Ω–Ω—ã–º–∏ –¥–∏—Å—Ü–∏–ø–ª–∏–Ω–∞–º–∏"". 
 
–ö–∞–∫–∏–º–∏ –ø—Ä–æ–µ–∫—Ç–∞–º–∏ —Ç—ã —Å–µ–π—á–∞—Å —É–ø—Ä–∞–≤–ª—è–µ—à—å\—Ä–∞–∑—Ä–∞–±–∞—Ç—ã–≤–∞–µ—à—å? 
 
""–í–æ –≤—Ä–µ–º—è —É—á—ë–±—ã –∏ –¥–æ —Å–∏—Ö –ø–æ—Ä —è —Ä–∞–∑—Ä–∞–±–∞—Ç—ã–≤–∞—é –∞–ª–≥–æ—Ä–∏—Ç–º—ã, –∞ –∑–∞—Ç–µ–º –∏ –ü–û –¥–ª—è –æ–±–Ω–∞—Ä—É–∂–µ–Ω–∏—è –ø—Ä–µ–ø—è—Ç—Å—Ç–≤–∏–π –∏ —Ä–∞—Å–ø–æ–∑–Ω–∞–≤–∞–Ω–∏—è –æ–±—ä–µ–∫—Ç–æ–≤ –ø–æ –¥–∞–Ω–Ω—ã–º –æ—Ç —Å–∏—Å—Ç–µ–º —Ç–µ—Ö–Ω–∏—á–µ—Å–∫–æ–≥–æ –∑—Ä–µ–Ω–∏—è. –Ø —Å–ø–µ—Ü–∏–∞–ª–∏–∑–∏—Ä—É—é—Å—å –Ω–∞ –æ–±—Ä–∞–±–æ—Ç–∫–µ –æ–±–ª–∞–∫–æ–≤ —Ç–æ—á–µ–∫ –æ—Ç –ª–∏–¥–∞—Ä–æ–≤. –≠—Ç–æ –ø—Ä–∏–º–µ–Ω—è–µ—Ç—Å—è –≤ —Ä–∞–∑–ª–∏—á–Ω—ã—Ö —Ä–æ–±–æ—Ç–æ—Ç–µ—Ö–Ω–∏—á–µ—Å–∫–∏—Ö –ø—Ä–æ–µ–∫—Ç–∞—Ö. –¢–∞–∫ —è —Ä–∞–±–æ—Ç–∞—é –≤ –ê–û –ù–∞—É—á–Ω–æ-–∫–æ–Ω—Å—Ç—Ä—É–∫—Ç–æ—Ä—Å–∫–æ–º –±—é—Ä–æ –≤—ã—á–∏—Å–ª–∏—Ç–µ–ª—å–Ω—ã—Ö —Å–∏—Å—Ç–µ–º, –∏ –æ–¥–∏–Ω –∏–∑ –º–æ–∏—Ö –ø—Ä–æ–µ–∫—Ç–æ–≤ - —ç—Ç–æ —Ä–∞–∑—Ä–∞–±–æ—Ç–∫–∞ —Å–∏—Å—Ç–µ–º—ã –æ–ø—Ä–µ–¥–µ–ª–µ–Ω–∏—è –ø—Ä–µ–ø—è—Ç—Å—Ç–≤–∏–π –±–µ—Å–ø–∏–ª–æ—Ç–Ω–æ–≥–æ –∞–≤—Ç–æ–º–æ–±–∏–ª—è. –û–± —ç—Ç–æ–º –±—ã–ª–∞ –º–æ—è –º–∞–≥–∏—Å—Ç–µ—Ä—Å–∫–∞—è –¥–∏—Å—Å–µ—Ä—Ç–∞—Ü–∏—è, –∏ —Å–µ–π—á–∞—Å –≤ –∞—Å–ø–∏—Ä–∞–Ω—Ç—É—Ä–µ —è —Ç–∞–∫–∂–µ —Ä–∞–∑–≤–∏–≤–∞—é —ç—Ç—É —Ç–µ–º–∞—Ç–∏–∫—É"".",10,0,0,1534,vk.com/wall-48632629_7719,5f00910eb54d3850c4041229
2020-06-24T12:54:42+03:00,7717,"}1 10.05.05 –ë–ï–ó–û–ü–ê–°–ù–û–°–¢–¨ –ò–ù–§–û–†–ú–ê–¶–ò–û–ù–ù–´–• –¢–ï–•–ù–û–õ–û–ì–ò–ô –í –ü–†–ê–í–û–û–•–†–ê–ù–ò–¢–ï–õ–¨–ù–û–ô –°–§–ï–†–ï

üíÅ–í–µ–ª–∏–≥—É—Ä–∏–Ω–∞ –ù–∞—Ç–∞–ª—å—è, —Å—Ç—É–¥–µ–Ω—Ç —Å–ø–µ—Ü–∏–∞–ª–∏—Ç–µ—Ç–∞ –æ—Ç–≤–µ—Ç–∏–ª–∞ –Ω–∞ –Ω–∞—à–∏ –≤–æ–ø—Ä–æ—Å—ã.

–ß—Ç–æ –º–æ–∂–µ—à—å —Ä–∞—Å—Å–∫–∞–∑–∞—Ç—å –æ —Å–≤–æ–µ–π —Å–ø–µ—Ü–∏–∞–ª—å–Ω–æ—Å—Ç–∏?

""–°–ø–µ—Ü–∏–∞–ª—å–Ω–æ—Å—Ç—å –µ—â—ë –Ω–µ —Å–ª–∏—à–∫–æ–º —Ä–∞—Å–ø—Ä–æ—Å—Ç—Ä–∞–Ω–µ–Ω–Ω–∞—è, –Ω–æ –æ—á–µ–Ω—å –ø–µ—Ä—Å–ø–µ–∫—Ç–∏–≤–Ω–∞—è. –û—Å–æ–±–µ–Ω–Ω–æ –±—É–¥–µ—Ç –∏–Ω—Ç–µ—Ä–µ—Å–Ω–∞ –¥–ª—è —Ç–µ—Ö, –∫—Ç–æ –Ω–µ –ø—Ä–æ—Å—Ç–æ –ø–ª–∞–Ω–∏—Ä—É–µ—Ç –ø—Ä–æ–≥—Ä–∞–º–º–∏—Ä–æ–≤–∞—Ç—å, –Ω–æ –∏ —Å–≤—è–∑–∞—Ç—å —Å–≤–æ—é –∂–∏–∑–Ω—å —Å –ø—Ä–∞–≤–æ–æ—Ö—Ä–∞–Ω–∏—Ç–µ–ª—å–Ω–æ–π –∏–ª–∏ –≤–æ–µ–Ω–Ω–æ–π —Å—Ñ–µ—Ä–æ–π"". 

–ö–∞–∫–∏–µ –¥–∏—Å—Ü–∏–ø–ª–∏–Ω—ã —Ç—ã –∏–∑—É—á–∞–µ—à—å?

""–¢–∞–∫ –∫–∞–∫ —è –∑–∞–∫–∞–Ω—á–∏–≤–∞—é —Ç–æ–ª—å–∫–æ –ø–µ—Ä–≤—ã–π –∫—É—Ä—Å, —Ç–æ –∏–∑—É—á–∏–ª–∞ –Ω–µ —Ç–∞–∫ –º–Ω–æ–≥–æ –¥–∏—Å—Ü–∏–ø–ª–∏–Ω. –£–∂–µ —Å –ø–µ—Ä–≤–æ–≥–æ –≥–æ–¥–∞ –º—ã –∏–∑—É—á–∞–µ–º –Ω–µ —Ç–æ–ª—å–∫–æ –æ–±—â–µ–∏–Ω—Å—Ç–∏—Ç—É—Ç—Å–∫–∏–µ –ø—Ä–µ–¥–º–µ—Ç—ã (–∏—Å—Ç–æ—Ä–∏—è, –ø—Å–∏—Ö–æ–ª–æ–≥–∏—è, –∏–Ω–æ—Å—Ç—Ä–∞–Ω–Ω—ã–π —è–∑—ã–∫), –Ω–æ –∏ –Ω–∞–ø—Ä–∞–≤–ª–µ–Ω–Ω—ã–µ –∏–º–µ–Ω–Ω–æ –Ω–∞ –Ω–∞—à—É —Å–ø–µ—Ü–∏–∞–ª—å–Ω–æ—Å—Ç—å - —Ç–∞–∫–∏–µ, –∫–∞–∫  –ø—Ä–æ–≥—Ä–∞–º–º–∏—Ä–æ–≤–∞–Ω–∏–µ –Ω–∞ —è–∑—ã–∫–∞—Ö –≤—ã—Å–æ–∫–æ–≥–æ —É—Ä–æ–≤–Ω—è –≤ –∑–∞–¥–∞—á–∞—Ö –∑–∞—â–∏—Ç—ã –∏–Ω—Ñ–æ—Ä–º–∞—Ü–∏–∏, –º–∞—Ç–µ–º–∞—Ç–∏—á–µ—Å–∫—É—é –ª–æ–≥–∏–∫—É –∏ —Ç–µ–æ—Ä–∏—é –∞–ª–≥–æ—Ä–∏—Ç–º–æ–≤, –≤—ã—Å—à–∞—è –º–∞—Ç–µ–º–∞—Ç–∏–∫–∞, –ø—Ä–æ–µ–∫—Ç–Ω—É—é –∏ –∏–Ω–∂–µ–Ω–µ—Ä–Ω—É—é –¥–µ—è—Ç–µ–ª—å–Ω–æ—Å—Ç–∏ –∏ –º–Ω–æ–≥–∏–µ –¥—Ä—É–≥–∏–µ"".

–ß–µ–º –µ—â—ë –∑–∞–Ω–∏–º–∞–µ—à—å—Å—è –≤ —É–Ω–∏–≤–µ—Ä—Å–∏—Ç–µ—Ç–µ?

""–¢–∞–∫ –∂–µ —Å –ø–µ—Ä–≤–æ–≥–æ —Ä–∞–∑–∞ –∫—É—Ä—Å–∞ –º—ã –≤—ã–ø–æ–ª–Ω—è–µ–º —Ç–≤–æ—Ä—á–µ—Å–∫–∏–µ –ø—Ä–æ–µ–∫—Ç—ã –∫–æ–º–∞–Ω–¥–∞–º–∏, –∫–æ—Ç–æ—Ä—ã–µ –ø–æ–¥—Ä–∞–∑—É–º–µ–≤–∞—é—Ç —Å–æ–∑–¥–∞–Ω–∏–µ –∫–∞–∫–æ–≥–æ-–ª–∏–±–æ –ø—Ä–æ–¥—É–∫—Ç–∞, –ø–æ–ª–µ–∑–Ω–æ–≥–æ –∏ –∏–Ω—Ç–µ—Ä–µ—Å–Ω–æ –¥–ª—è –æ–±—â–µ—Å—Ç–≤–∞, –±—É–¥—å —Ç–æ —Å–ø–µ—Ü–∏–∞–ª—å–Ω–æ–µ –ø—Ä–∏–ª–æ–∂–µ–Ω–∏–µ –¥–ª—è –æ–ø—Ä–µ–¥–µ–ª–µ–Ω–∏—è —Å–≤–æ–±–æ–¥–Ω–æ–≥–æ –º–µ—Å—Ç–∞ –¥–ª—è –ø–∞—Ä–∫–æ–≤–∫–∏ –∞–≤—Ç–æ–º–æ–±–∏–ª—è, –Ω–æ–≤–∞—è –∏–Ω—Ç–µ—Ä–µ—Å–Ω–∞—è –∏–≥—Ä—É—à–∫–∞ –¥–ª—è —Å–º–∞—Ä—Ç—Ñ–æ–Ω–∞ –∏–ª–∏ —É—Å–æ–≤–µ—Ä—à–µ–Ω—Å—Ç–≤–æ–≤–∞–Ω–∏–µ —Å–∞–π—Ç–æ–≤ –Ω–∞—à–µ–≥–æ –∏–Ω—Å—Ç–∏—Ç—É—Ç–∞"".",13,0,0,1440,vk.com/wall-48632629_7717,5f00910eb54d3850c404122a
2020-06-23T20:22:11+03:00,7715,"}1 EXCEED TEAM –ü–†–ò–ì–õ–ê–®–ê–ï–¢ –ù–ê –°–¢–ê–ñ–ò–†–û–í–ö–£

üòâ–ö–æ–º–ø–∞–Ω–∏—è Exceed Team —Ä–∞–∑—Ä–∞–±–∞—Ç—ã–≤–∞–µ—Ç –≤–µ–±-–ø—Ä–∏–ª–æ–∂–µ–Ω–∏—è –¥–ª—è —Å—Ç–∞—Ä—Ç–∞–ø–æ–≤ –∏ —Ä–∞–∑–≤–∏–≤–∞—é—â–∏—Ö—Å—è –∫–æ–º–ø–∞–Ω–∏–π. –°–µ–π—á–∞—Å –∫–æ–º–ø–∞–Ω–∏—è –∞–∫—Ç–∏–≤–Ω–æ —Ä–∞—Å—Ç–µ—Ç, –ø–æ—ç—Ç–æ–º—É –æ–Ω–∞ –æ—Ç–∫—Ä—ã–≤–∞—é—Ç –Ω–∞–±–æ—Ä –Ω–∞ —Å—Ç–∞–∂–∏—Ä–æ–≤–∫—É. 
 
üíÅ‚Äç‚ôÇ–û—Ç —Ç–µ–±—è: 
- –∑–Ω–∞–Ω–∏–µ –±–∞–∑—ã –ø—Ä–æ–≥—Ä–∞–º–º–∏—Ä–æ–≤–∞–Ω–∏—è –Ω–∞ –ª—é–±–æ–º —è–∑—ã–∫–µ; 
- –≤–ª–∞–¥–µ–Ω–∏–µ –∞–Ω–≥–ª–∏–π—Å–∫–∏–º –Ω–∞ —É—Ä–æ–≤–Ω–µ –Ω–µ –Ω–∏–∂–µ –í1 (—Ç—ã –º–æ–∂–µ—à—å –≥–æ–≤–æ—Ä–∏—Ç—å, –ø–∏—Å–∞—Ç—å –∏ –ø–æ–Ω–∏–º–∞—Ç—å, –∫–æ–≥–¥–∞ —Å —Ç–æ–±–æ–π —Ä–∞–∑–≥–æ–≤–∞—Ä–∏–≤–∞—é—Ç). 
 
üôã‚Äç‚ôÄ–î–ª—è —Ç–µ–±—è: 
- –ø–µ—Ä—Å–æ–Ω–∞–ª—å–Ω—ã–π –ø–ª–∞–Ω –æ–±—É—á–µ–Ω–∏—è –Ω–∞ 3 –Ω–µ–¥–µ–ª–∏ –∏ –ø–æ–¥–¥–µ—Ä–∂–∫—É –Ω–∞—Å—Ç–∞–≤–Ω–∏–∫–∞; 
- –æ—Ñ–∏—Ü–∏–∞–ª—å–Ω–æ–µ —Ç—Ä—É–¥–æ—É—Å—Ç—Ä–æ–π—Å—Ç–≤–æ –ø–æ—Å–ª–µ —É—Å–ø–µ—à–Ω–æ–≥–æ –ø—Ä–æ—Ö–æ–∂–¥–µ–Ω–∏—è –æ–±—É—á–µ–Ω–∏—è; 
- –≥–∏–±–∫–æ–µ –Ω–∞—á–∞–ª–æ —Ä–∞–±–æ—á–µ–≥–æ –¥–Ω—è —Å –º–æ–º–µ–Ω—Ç–∞ –æ—Ñ–∏—Ü–∏–∞–ª—å–Ω–æ–≥–æ —Ç—Ä—É–¥–æ—É—Å—Ç—Ä–æ–π—Å—Ç–≤–∞; 
- –∑–∞—Ä–∞–±–æ—Ç–Ω—É—é –ø–ª–∞—Ç—É, –∫–æ—Ç–æ—Ä–∞—è –Ω–∞–ø—Ä—è–º—É—é –∑–∞–≤–∏—Å–∏—Ç –æ—Ç —Ç–≤–æ–∏—Ö –Ω–∞–≤—ã–∫–æ–≤.

–ó–∞ –ø–æ–¥—Ä–æ–±–Ω–æ—Å—Ç—è–º–∏ –ø–∏—à–∏ HR-–º–µ–Ω–µ–¥–∂–µ—Ä—É, [https://vk.com/hr_daria|–î–∞—Ä—å–µ].",10,1,0,1322,vk.com/wall-48632629_7715,5f00910eb54d3850c404122b
2020-06-23T18:35:17+03:00,7713,"}1 27.04.03 –°–ò–°–¢–ï–ú–ù–´–ô –ê–ù–ê–õ–ò–ó –ò –£–ü–†–ê–í–õ–ï–ù–ò–ï

üë©‚Äçüéì–ú–∞—Ä–≥–∞—Ä–∏—Ç–∞ –õ–æ–≥–æ—à–∏–Ω–∞ –æ–∫–æ–Ω—á–∏–ª–∞ –º–∞–≥–∏—Å—Ç—Ä–∞—Ç—É—Ä—É –≤ 2018 –≥–æ–¥—É. –ú—ã –ø–æ–ø—Ä–æ—Å–∏–ª–∏ —Ä–∞—Å—Å–∫–∞–∑–∞—Ç—å –µ—ë –æ —Å–≤–æ–µ–π —Å–ø–µ—Ü–∏–∞–ª—å–Ω–æ—Å—Ç–∏.

–ö–∞–∫–∏–µ –¥–∏—Å—Ü–∏–ø–ª–∏–Ω—ã –∑–∞–∏–Ω—Ç–µ—Ä–µ—Å–æ–≤–∞–ª–∏ —Ç–µ–±—è –±–æ–ª—å—à–µ –æ—Å—Ç–∞–ª—å–Ω—ã—Ö?

""–í –º–∞–≥–∏—Å—Ç—Ä–∞—Ç—É—Ä–µ –º–Ω–µ –æ—á–µ–Ω—å –Ω—Ä–∞–≤–∏–ª–∏—Å—å –ø—Ä–µ–¥–º–µ—Ç—ã, –≤ –∫–æ—Ç–æ—Ä—ã—Ö –º—ã —Ä–∞—Å—Å–º–∞—Ç—Ä–∏–≤–∞–ª–∏ –º–Ω–æ–≥–æ–∫—Ä–∏—Ç–µ—Ä–∏–∞–ª—å–Ω—ã–µ –º–µ—Ç–æ–¥—ã –ø—Ä–∏–Ω—è—Ç–∏—è —Ä–µ—à–µ–Ω–∏–π, –±–∞–∑–∏—Å —Ç–µ–æ—Ä–∏–∏ —Å–∏—Å—Ç–µ–º, –∑–Ω–∞–∫–æ–º–∏–ª–∏—Å—å —Å –º–µ—Ç–æ–¥–∞–º–∏ –æ—Ä–≥–∞–Ω–∏–∑–∞—Ü–∏–∏ –ø—Ä–æ–∏–∑–≤–æ–¥—Å—Ç–≤–∞ –∏ —É–ø—Ä–∞–≤–ª–µ–Ω–∏—è –ø—Ä–æ–µ–∫—Ç–∞–º–∏. –í—Å–µ —ç—Ç–æ —Ç—Ä–µ–±—É–µ—Ç –∞–Ω–∞–ª–∏—Ç–∏—á–µ—Å–∫–æ–π —Ä–∞–±–æ—Ç—ã –∏ —Å–∏—Å—Ç–µ–º–Ω–æ–≥–æ –ø–æ–¥—Ö–æ–¥–∞. –¢–æ, —á—Ç–æ —è –Ω–∞—É—á–∏–ª–∞—Å—å –∏—Å–ø–æ–ª—å–∑–æ–≤–∞—Ç—å —Å–∏—Å—Ç–µ–º–Ω—ã–π –∞–Ω–∞–ª–∏–∑ –ø–æ–º–æ–≥–∞–µ—Ç –º–Ω–µ –≤ –º–æ–µ–π —Ä–∞–±–æ—Ç–µ. –í –∫–æ–Ω—Ü–µ –∫–æ–Ω—Ü–æ–≤ –∏–º–µ–Ω–Ω–æ –≤ –º–∞–≥–∏—Å—Ç—Ä–∞—Ç—É—Ä–µ —è —Ö–æ—Ä–æ—à–æ –æ—Å–≤–æ–∏–ª–∞ Excel. –ö–∞–∑–∞–ª–æ—Å—å –±—ã, —ç—Ç–æ –æ—á–µ–Ω—å –ø—Ä–æ—Å—Ç–æ–µ –∏ —Å—Ç–∞—Ä–æ–µ –ø—Ä–∏–ª–æ–∂–µ–Ω–∏–µ, –∞ –æ–Ω–æ –¥–æ —Å–∏—Ö –ø–æ—Ä –∞–∫—Ç–∏–≤–Ω–µ–µ –≤—Å–µ–≥–æ –∏—Å–ø–æ–ª—å–∑—É–µ—Ç—Å—è –≤ —Ä–∞–±–æ—Ç–µ –º–µ–Ω–µ–¥–∂–µ—Ä–æ–≤"".

–ß–µ–º —Ç—ã –∑–∞–Ω–∏–º–∞–ª–∞—Å—å –Ω–∞ —Å–≤–æ—ë–º –Ω–∞–ø—Ä–∞–≤–ª–µ–Ω–∏–∏?

""–ú—ã —Ä–∞–±–æ—Ç–∞–ª–∏ –≤ —Å—Ä–µ–¥–∞—Ö MatLab –∏ Mapple, –≤ –∫–æ—Ç–æ—Ä—ã—Ö –º–æ–¥–µ–ª–∏—Ä–æ–≤–∞–ª–∏ —Ç–µ—Ö–Ω–∏—á–µ—Å–∫–∏–µ —Å–∏—Å—Ç–µ–º—ã –∏ –ø–æ–¥–±–∏—Ä–∞–ª–∏ –∑–∞–∫–æ–Ω—ã —É–ø—Ä–∞–≤–ª–µ–Ω–∏—è –∫ –Ω–∏–º. –ú–æ—è –¥–∏—Å—Å–µ—Ä—Ç–∞—Ü–∏—è –∑–∞–∫–ª—é—á–∞–ª–∞—Å—å –≤ —Ç–æ–º, —á—Ç–æ–±—ã –ø–æ–¥–æ–±—Ä–∞—Ç—å –∑–∞–∫–æ–Ω—ã —É–ø—Ä–∞–≤–ª–µ–Ω–∏—è –¥–ª—è —Å–∏–Ω—Ö—Ä–æ–Ω–∏–∑–∞—Ü–∏–∏ —Ö–∞–æ—Ç–∏—á–µ—Å–∫–∏—Ö –ø—Ä–∏–µ–º–æ–ø–µ—Ä–µ–¥–∞—Ç—á–∏–∫–æ–≤. –≠—Ç–∞ –∑–∞–¥–∞—á–∞  –∞–∫—Ç—É–∞–ª—å–Ω–∞, –µ–π –∑–∞–Ω–∏–º–∞—é—Ç—Å—è –≤ –ù–ò–ò –∏–ª–∏ –ö–ë, —Å–≤—è–∑–∞–Ω–Ω—ã—Ö —Å –ø–µ—Ä–µ–¥–∞—á–µ–π —Å–∏–≥–Ω–∞–ª–æ–≤. –ù–µ—Å–º–æ—Ç—Ä—è –Ω–∞ —Ç–æ, —á—Ç–æ —Å–ø–µ—Ü–∏–∞–ª—å–Ω–æ—Å—Ç—å —É –Ω–∞—Å —Ç–µ—Ö–Ω–∏—á–µ—Å–∫–∞—è, –º—ã —Ä–∞—Å—Å–º–∞—Ç—Ä–∏–≤–∞–ª–∏ —É–ø—Ä–∞–≤–ª–µ–Ω–∏–µ —Å–∏—Å—Ç–µ–º–∞–º–∏ —Å —Ä–∞–∑–Ω—ã—Ö —Å—Ç–æ—Ä–æ–Ω. –°–µ–π—á–∞—Å —è –∑–∞–Ω–∏–º–∞—é—Å—å —É–ø—Ä–∞–≤–ª–µ–Ω–∏–µ–º –ø—Ä–æ–µ–∫—Ç–∞–º–∏"". 

–ß–µ–º —Ç—ã –∑–∞–Ω–∏–º–∞–µ—à—å—Å—è —Å–µ–π—á–∞—Å?

""–î–æ –¥–µ–∫–∞–±—Ä—è —è —Ä–∞–±–æ—Ç–∞–ª–∞ –≤ Umbrella IT –∏ —Ç–∞–º —É–ø—Ä–∞–≤–ª—è–ª–∞ —Ç–µ—Ö–Ω–∏—á–µ—Å–∫–∏–º–∏ –ø—Ä–æ–µ–∫—Ç–∞–º–∏, —Å –¥–µ–∫–∞–±—Ä—è –ø–æ –Ω–∞—Å—Ç–æ—è—â–µ–µ –≤—Ä–µ–º—è - –≤ –°–ö–ë ""–ö–ò–¢"" –ò–ö–¢–ò–ë, —Ä—É–∫–æ–≤–æ–∂—É —Å–∞–º–∏–º –°–ö–ë –∏ –ø—Ä–æ–µ–∫—Ç–∞–º–∏ –°–ö–ë"".",22,0,0,1674,vk.com/wall-48632629_7713,5f00910eb54d3850c404122c
2020-06-23T12:00:15+03:00,7712,"}1 09.03.02 –ò–ù–§–û–†–ú–ê–¶–ò–û–ù–ù–´–ï –°–ò–°–¢–ï–ú–´ –ò –¢–ï–•–ù–û–õ–û–ì–ò–ò

üë©‚Äçüíª–ü–µ—Ç—Ä–æ–≤–∞ –ê–Ω–≥–µ–ª–∏–Ω–∞, —Å—Ç—É–¥–µ–Ω—Ç –±–∞–∫–∞–ª–∞–≤—Ä–∞ –ø–æ–¥–µ–ª–∏–ª–∞—Å—å —Å –Ω–∞–º–∏ –≤–ø–µ—á–∞—Ç–ª–µ–Ω–∏—è–º–∏ –æ —Å–≤–æ–µ–π —Å–ø–µ—Ü–∏–∞–ª—å–Ω–æ—Å—Ç–∏.

–†–∞—Å—Å–∫–∞–∂–∏, –∫–∞–∫–∏–µ –¥–∏—Å—Ü–∏–ø–ª–∏–Ω—ã —Ç—ã –∏–∑—É—á–∞–ª–∞ –Ω–∞ —Å–≤–æ–µ–º –Ω–∞–ø—Ä–∞–≤–ª–µ–Ω–∏–∏?

""–ó–∞ –≤—Ä–µ–º—è –æ–±—É—á–µ–Ω–∏—è —è –æ—Å–≤–æ–∏–ª–∞ –º–Ω–æ–∂–µ—Å—Ç–≤–æ –¥–∏—Å—Ü–∏–ø–ª–∏–Ω, –∫–∞–∫ –æ–±—â–µ–∏–Ω—Å—Ç–∏—Ç—É—Ç—Å–∫–∏—Ö, –Ω–∞–ø—Ä–∏–º–µ—Ä –∏—Å—Ç–æ—Ä–∏—è –∏ –∏–Ω–æ—Å—Ç—Ä–∞–Ω–Ω—ã–π —è–∑—ã–∫, —Ç–∞–∫ –∏ —Å–ø–µ—Ü–∏–∞–ª–∏–∑–∏—Ä–æ–≤–∞–Ω–Ω—ã—Ö: –º—É–ª—å—Ç–∏–º–µ–¥–∏–∞ —Ç–µ—Ö–Ω–æ–ª–æ–≥–∏–∏, –º–æ–¥–µ–ª–∏—Ä–æ–≤–∞–Ω–∏–µ —Å–∏—Å—Ç–µ–º, –∏ –ø—Ä.""

–ö–∞–∫–∏–µ –Ω–∞–≤—ã–∫–∏ —Ç—ã –ø–æ–ª—É—á–∏–ª–∞ –≤–æ –≤—Ä–µ–º—è –æ–±—É—á–µ–Ω–∏—è?

""–û–±—Ä–∞–∑–æ–≤–∞—Ç–µ–ª—å–Ω–∞—è –ø—Ä–æ–≥—Ä–∞–º–º–∞ –ø–æ–∑–≤–æ–ª–∏–ª–∞ –º–Ω–µ –ø—Ä–∏–æ–±—Ä–µ—Å—Ç–∏ —Ö–æ—Ä–æ—à–∏–µ –Ω–∞–≤—ã–∫–∏ –≤ –æ—Ñ–æ—Ä–º–ª–µ–Ω–∏–∏ –∏–Ω–∂–µ–Ω–µ—Ä–Ω–æ–π –¥–æ–∫—É–º–µ–Ω—Ç–∞—Ü–∏–∏, –∏—Å–ø–æ–ª—å–∑–æ–≤–∞–Ω–∏–∏ —Ä–∞–∑–ª–∏—á–Ω—ã—Ö –ø—Ä–æ–≥—Ä–∞–º–º–Ω—ã—Ö –∫–æ–º–ø–ª–µ–∫—Å–æ–≤, –Ω–µ–æ–±—Ö–æ–¥–∏–º—ã—Ö –≤ —Ä–∞–±–æ—Ç–µ IT-—Å–ø–µ—Ü–∏–∞–ª–∏—Å—Ç—É (—Å–∏—Å—Ç–µ–º—ã –º–æ–¥–µ–ª–∏—Ä–æ–≤–∞–Ω–∏—è, —Å—Ä–µ–¥—ã –ø—Ä–æ–≥—Ä–∞–º–º–∏—Ä–æ–≤–∞–Ω–∏—è, –≥—Ä–∞—Ñ–∏—á–µ—Å–∫–∏–µ –∏ —Ç–µ–∫—Å—Ç–æ–≤—ã–µ —Ä–µ–¥–∞–∫—Ç–æ—Ä—ã, —Å—Ä–µ–¥—ã –¥–ª—è –∞–¥–º–∏–Ω–∏—Å—Ç—Ä–∏—Ä–æ–≤–∞–Ω–∏—è —Å–µ—Ç–µ–π, –∞ —Ç–∞–∫–∂–µ –æ–ø–µ—Ä–∞—Ü–∏–æ–Ω–Ω—ã–µ —Å–∏—Å—Ç–µ–º—ã); –Ω–∞—É—á–∏—Ç—å—Å—è —É–ø—Ä–∞–≤–ª–µ–Ω–∏—é –ø—Ä–æ–µ–∫—Ç–∞–º–∏ –ø—Ä–∏ —Ä–µ–∞–ª–∏–∑–∞—Ü–∏–∏ –∏–Ω–∂–µ–Ω–µ—Ä–Ω—ã—Ö —Ä–µ—à–µ–Ω–∏–π"".",11,0,0,1558,vk.com/wall-48632629_7712,5f00910eb54d3850c404122d
2020-06-22T18:00:13+03:00,7710,"}1 27.04.03 –°–ò–°–¢–ï–ú–ù–´–ô –ò–ù–ñ–ò–ù–ò–†–ò–ù–ì

üë©‚Äçüéì–°—Ç—É–¥–µ–Ω—Ç –º–∞–≥–∏—Å—Ç—Ä–∞—Ç—É—Ä—ã –°–∞–º–æ–π–ª–µ–Ω–∫–æ –í–∞–ª–µ—Ä–∏—è —Ä–∞—Å—Å–∫–∞–∑–∞–ª–∞ –Ω–∞–º, —á–µ–º—É —É—á–∞—Ç –Ω–∞ –∏—Ö —Å–ø–µ—Ü–∏–∞–ª—å–Ω–æ—Å—Ç–∏.

–ü–æ—á–µ–º—É —Ä–µ—à–∏–ª–∞ –ø–æ–π—Ç–∏ –∏–º–µ–Ω–Ω–æ –Ω–∞ —ç—Ç–æ –Ω–∞–ø—Ä–∞–≤–ª–µ–Ω–∏–µ?

""–Ø –∑–∞–¥—É–º–∞–ª–∞—Å—å –æ —Ä–∞—Å—à–∏—Ä–µ–Ω–∏–∏ –Ω–∞–≤—ã–∫–æ–≤ –≤–ª–∞–¥–µ–Ω–∏—è –ø—Ä–æ–≥—Ä–∞–º–º–Ω—ã–º–∏ –ø—Ä–æ–¥—É–∫—Ç–∞–º–∏ –¥–ª—è –ø–æ—Å—Ç—Ä–æ–µ–Ω–∏—è —Å–∏—Å—Ç–µ–º, –∫–∞–∫ —Ç–µ—Ö–Ω–∏—á–µ—Å–∫–∏—Ö, —Ç–∞–∫ –∏ —É–ø—Ä–∞–≤–ª–µ–Ω—á–µ—Å–∫–∏—Ö. –ú–∞–≥–∏—Å—Ç–µ—Ä—Å–∫–∞—è –ø—Ä–æ–≥—Ä–∞–º–º–∞ –≤ –ò–ö–¢–ò–ë –æ—Ç–∫—Ä—ã–ª–∞ –¥–ª—è –º–µ–Ω—è —Ç–∞–∫—É—é –≤–æ–∑–º–æ–∂–Ω–æ—Å—Ç—å. –ü–∞—Ä–∞–ª–ª–µ–ª—å–Ω–æ —Å –∏–∑—É—á–µ–Ω–∏–µ–º –æ–±—Ä–∞–∑–æ–≤–∞—Ç–µ–ª—å–Ω–æ–π –ø—Ä–æ–≥—Ä–∞–º–º—ã, —Å—Ç–∞–ª–∞ –ø–æ–±–µ–¥–∏—Ç–µ–ª–µ–º –í—Å–µ—Ä–æ—Å—Å–∏–π—Å–∫–∏—Ö –∏ –ú–µ–∂–¥—É–Ω–∞—Ä–æ–¥–Ω—ã—Ö –∫–æ–Ω–∫—É—Ä—Å–æ–≤, —Ä–∞—Å—à–∏—Ä–∏–ª–∞ –∫—Ä—É–≥ –ø—Ä–æ—Ñ–µ—Å—Å–∏–æ–Ω–∞–ª—å–Ω—ã—Ö —Å–≤—è–∑–µ–π –∏ –∑–Ω–∞–∫–æ–º—Å—Ç–≤"".

–ß–µ–º –∫–æ–Ω–∫—Ä–µ—Ç–Ω–æ –∑–∞–Ω–∏–º–∞–µ—à—å—Å—è?

""–í —Ä–∞–º–∫–∞—Ö –º–∞–≥–∏—Å—Ç–µ—Ä—Å–∫–æ–π —Ä–∞–±–æ—Ç—ã –∑–∞–Ω–∏–º–∞—é—Å—å —Å–∞–π—Ç–æ–º –ü—Ä–æ–µ–∫—Ç–Ω–æ–≥–æ –æ—Ñ–∏—Å–∞ –ò–ö–¢–ò–ë, –∫–æ—Ç–æ—Ä—ã–π –≤ —Ä–∞–º–∫–∞—Ö —Å–≤–æ–µ–π –¥–∏—Å—Å–µ—Ä—Ç–∞—Ü–∏–∏ —è —Ä–∞—Å—à–∏—Ä—è—é –∏ —Ä–∞–∑—Ä–∞–±–∞—Ç—ã–≤–∞—é –º—É–ª—å—Ç–∏–∞–≥–µ–Ω—Ç–Ω—É—é —Å–∏—Å—Ç–µ–º—É"".

–ê —á—Ç–æ –¥–µ–ª–∞–µ—à—å –ø–æ–º–∏–º–æ –æ–±—É—á–µ–Ω–∏—è?

""–í —Ä–∞–º–∫–∞—Ö –≤–Ω–µ—É—á–µ–±–Ω–æ–π –¥–µ—è—Ç–µ–ª—å–Ω–æ—Å—Ç–∏ –∑–∞–Ω–∏–º–∞–µ–º—Å—è —Å –∫–æ–º–∞–Ω–¥–æ–π –ø—Ä–æ–µ–∫—Ç–æ–º –¥–ª—è –ª—é–¥–µ–π —Å –æ–≥—Ä–∞–Ω–∏—á–µ–Ω–Ω—ã–º–∏ –≤–æ–∑–º–æ–∂–Ω–æ—Å—Ç—è–º–∏ –ø–µ—Ä–µ–¥–≤–∏–∂–µ–Ω–∏—è ¬´–®–ê–ì. –ü–µ—Ä–µ–¥–≤–∏–∂–µ–Ω–∏–µ –±–µ–∑ –≥—Ä–∞–Ω–∏—Ü¬ª""",19,0,0,1523,vk.com/wall-48632629_7710,5f00910eb54d3850c404122e
2020-06-22T12:00:12+03:00,7708,"}1 10.05.03 –ò–ù–§–û–†–ú–ê–¶–ò–û–ù–ù–ê–Ø –ë–ï–ó–û–ü–ê–°–ù–û–°–¢–¨ –ê–í–¢–û–ú–ê–¢–ò–ó–ò–†–û–í–ê–ù–ù–´–• –°–ò–°–¢–ï–ú –°–ü–ï–¶–ò–ê–õ–¨–ù–û–ì–û –ù–ê–ó–ù–ê–ß–ï–ù–ò–Ø 
 
üë®‚Äçüéì –°—Ç—É–¥–µ–Ω—Ç —Å–ø–µ—Ü–∏–∞–ª–∏—Ç–µ—Ç–∞ –°–∏–ª–∏–Ω –û–ª–µ–≥ —Ä–∞—Å—Å–∫–∞–∑–∞–ª –Ω–∞–º –æ —Ç–æ–º, –∫–∞–∫ –µ–º—É –∂–∏–≤–µ—Ç—Å—è –≤ —É–Ω–∏–≤–µ—Ä—Å–∏—Ç–µ—Ç–µ –∏ —á–µ–º—É –µ–≥–æ —É—á–∞—Ç –Ω–∞ –µ–≥–æ —Å–ø–µ—Ü–∏–∞–ª—å–Ω–æ—Å—Ç–∏.

–ß–µ–º—É –≤–∞—Å —É—á–∞—Ç?

""–ù–∞—Å —É—á–∞—Ç –ø—Ä–µ–¥–æ—Ç–≤—Ä–∞—â–∞—Ç—å —Ä–∞–∑–ª–∏—á–Ω—ã–µ –∞—Ç–∞–∫–∏ –Ω–∞ –∏–Ω—Ñ–æ—Ä–º–∞—Ü–∏–æ–Ω–Ω—ã–µ —Å–∏—Å—Ç–µ–º—ã –∏ –∏—Å–ø—Ä–∞–≤–ª—è—Ç—å –∏—Ö –ø–æ—Å–ª–µ–¥—Å—Ç–≤–∏—è. –ò–∑—É—á–∞–µ–º –≤—Å–µ, —á—Ç–æ —Å–≤—è–∑–∞–Ω–Ω–æ —Å —Å–µ—Ç—è–º–∏. –í –Ω–∞—à–µ–π –ø—Ä–æ–≥—Ä–∞–º–º–µ –≤—ã–¥–µ–ª–µ–Ω–æ –≤—Ä–µ–º—è –Ω–∞ –∏–∑—É—á–µ–Ω–∏–µ –ø—Ä–∞–≤–æ–≤–æ–π —á–∞—Å—Ç–∏, —Å–≤—è–∑–∞–Ω–Ω–æ–π —Å –±–µ–∑–æ–ø–∞—Å–Ω–æ—Å—Ç—å—é. –ö—Ä–æ–º–µ —Ç–æ–≥–æ, —è –ø–æ–ª—É—á–∏–ª –Ω–∞–≤—ã–∫–∏ –ø—Ä–æ–≥—Ä–∞–º–º–∏—Ä–æ–≤–∞–Ω–∏—è –Ω–∞ Python –∏ —à–∏—Ñ—Ä–æ–≤–∞–Ω–∏—è –∏–Ω—Ñ–æ—Ä–º–∞—Ü–∏–∏"".",23,0,0,1758,vk.com/wall-48632629_7708,5f00910eb54d3850c404122f
2020-06-20T09:00:08+03:00,7705,"–î–æ—Ä–æ–≥–æ–π –ø–æ—Å—Ç—É–ø–∞—é—â–∏–π!

ü§©–ú—ã —Å —Ä–∞–¥–æ—Å—Ç—å—é –æ–±—ä—è–≤–ª—è–µ–º –æ —Ç–æ–º, —á—Ç–æ –ø—Ä–∏–µ–º–Ω–∞—è –∫–æ–º–∏—Å—Å–∏—è –Ω–∞—á–∞–ª–∞ —Å–≤–æ—é —Ä–∞–±–æ—Ç—É.

üìù–¢—ã –º–æ–∂–µ—à—å –∑–∞–ø–æ–ª–Ω–∏—Ç—å –∏ –ø–æ–¥–∞—Ç—å –∑–∞—è–≤–ª–µ–Ω–∏–µ –Ω–µ –≤—ã—Ö–æ–¥—è –∏–∑ –¥–æ–º–∞, –∞ —Ç–∞–∫–∂–µ –ø–æ—è–≤–∏–ª–∞—Å—å –≤–æ–∑–º–æ–∂–Ω–æ—Å—Ç—å –ø—Ä–∏–π—Ç–∏ –∫ –Ω–∞–º –ª–∏—á–Ω–æ. –ü–æ–¥—Ä–æ–±–Ω–µ–µ –æ–± —ç—Ç–æ–º —Ä–∞—Å—Å–∫–∞–∂–µ–º –≤ –Ω–∞—à–µ–º —Å–ª–µ–¥—É—é—â–µ–º –ø–æ—Å—Ç–µ. –°–ª–µ–¥–∏ –∑–∞ –Ω–æ–≤–æ—Å—Ç—è–º–∏. 

üòâ–ü–µ—Ä–µ—Ö–æ–¥–∏ –Ω–∞ —Å–∞–π—Ç –∏ –æ—Å—Ç–∞–≤–ª—è–π —Å–≤–æ—é –∑–∞—è–≤–∫—É:
https://sfedu.ru/www/stat_pages22.show?p=ABW/abiturientu/P",29,2,0,1822,vk.com/wall-48632629_7705,5f00910eb54d3850c4041230
2020-06-18T14:59:26+03:00,7703,"}1 –õ–£–ß–®–ò–ï –ü–†–û–ï–ö–¢–´ –ò–ö–¢–ò–ë

ü§©30 –º–∞—è —Å—Ç—É–¥–µ–Ω—Ç—ã –ò–ö–¢–ò–ë –ø—Ä–µ–¥—Å—Ç–∞–≤–∏–ª–∏–∏ —Å–≤–æ–∏ –ø—Ä–æ–µ–∫—Ç—ã —ç–∫—Å–ø–µ—Ä—Ç–Ω–æ–º—É –∂—é—Ä–∏.

–õ—É—á—à–∏–µ –∫–æ–º–∞–Ω–¥—ã:

ü§ñHighly Productive Team
üíÅüèª‚Äç‚ôÇÔ∏è–ù–∞—Å—Ç–∞–≤–Ω–∏–∫:¬†–ü–ª–µ–Ω–∫–∏–Ω –ê–Ω—Ç–æ–Ω –ü–∞–≤–ª–æ–≤–∏—á
üñ•Ô∏è–ü—Ä–æ–µ–∫—Ç:¬†‚Äú–ß–µ—Ä–Ω—ã–π —Å–ø–∏—Å–æ–∫‚Äù - —ç—Ç–æ –æ–±–ª–µ–≥—á–µ–Ω–Ω–∞—è –≤–µ—Ä—Å–∏—è CRM —Å–∏—Å—Ç–µ–º—ã –¥–ª—è —É–ø—Ä–∞–≤–ª–µ–Ω–∏—è —Å–≤–æ–∏–º —Å–ø–∏—Å–∫–æ–º –Ω–∞–¥–µ–∂–Ω—ã—Ö –∏ –Ω–µ–Ω–∞–¥—ë–∂–Ω—ã—Ö –∫–ª–∏–µ–Ω—Ç–æ–≤. ‚Äú–ù–µ–Ω–∞–¥–µ–∂–Ω–æ—Å—Ç—å‚Äù –∫–ª–∏–µ–Ω—Ç–∞ - —ç—Ç–æ —Å—É–±—ä–µ–∫—Ç–∏–≤–Ω–∞—è –∫–∞—Ç–µ–≥–æ—Ä–∏—è, –∫–æ—Ç–æ—Ä–∞—è —Ñ–æ—Ä–º–∏—Ä—É–µ—Ç—Å—è –ø—É—Ç–µ–º –∞–Ω–∞–ª–∏–∑–∞ –∏—Å—Ö–æ–¥–Ω–æ–π –∏–Ω—Ñ–æ—Ä–º–∞—Ü–∏–∏, –∏—Å—Ç–æ—Ä–∏–∏ —Ä–∞–±–æ—Ç—ã —Å –∫–ª–∏–µ–Ω—Ç–æ–º, –ª–∏—á–Ω–æ—Å—Ç–Ω—ã—Ö –∫–∞—á–µ—Å—Ç–≤ –∏ —Ç.–ø.

ü§ñBrainStorming
üôãüèª‚Äç‚ôÇÔ∏è–ù–∞—Å—Ç–∞–≤–Ω–∏–∫:¬†–ö–æ–º–ø–∞–Ω–∏–µ—Ü –í–∏—Ç–∞–ª–∏–π –°–µ—Ä–≥–µ–µ–≤–∏—á
üñ•Ô∏è–ü—Ä–æ–µ–∫—Ç:¬†–ò–≥—Ä–æ–≤–æ–µ –ø—Ä–∏–ª–æ–∂–µ–Ω–∏–µ —Å –Ω–µ–π—Ä–æ–∏–Ω—Ç–µ—Ä—Ñ–µ–π—Å–æ–º. –û—Å–Ω–æ–≤–Ω–æ–π –ø—Ä–∏–Ω—Ü–∏–ø —É–ø—Ä–∞–≤–ª–µ–Ω–∏—è –∏–≥—Ä–æ–π –∑–∞–∫–ª—é—á–µ–Ω –≤ –∫–æ–Ω—Ü–µ–Ω—Ç—Ä–∞—Ü–∏–∏ –≤–Ω–∏–º–∞–Ω–∏—è –∏ —Ä–∞—Å—Å–ª–∞–±–ª–µ–Ω–∏–∏. –¢–æ –µ—Å—Ç—å, –∞–∫—Ç–∏–≤–Ω–æ —Ä–∞–∑–º—ã—à–ª—è—è –æ —á–µ–º-–ª–∏–±–æ –∏–ª–∏ –∂–µ, –Ω–∞–æ–±–æ—Ä–æ—Ç, –º–µ–¥–∏—Ç–∏—Ä—É—è, –ø–æ–ª—å–∑–æ–≤–∞—Ç–µ–ª—å —á–µ—Ä–µ–∑ –≥–∞—Ä–Ω–∏—Ç—É—Ä—É —É–ø—Ä–∞–≤–ª—è–µ—Ç –∏–≥—Ä–æ–π ¬´–±–µ–∑ —Ä—É–∫¬ª, —á—Ç–æ –¥–µ–ª–∞–µ—Ç –∏–≥—Ä–æ–≤–æ–π –ø—Ä–æ—Ü–µ—Å—Å –µ—â–µ –±–æ–ª–µ–µ –∑–∞—Ö–≤–∞—Ç—ã–≤–∞—é—â–∏–º.

ü§ñSPACE G
üíÅüèª‚Äç‚ôÄÔ∏è–ù–∞—Å—Ç–∞–≤–Ω–∏–∫:¬†–ò—â—É–∫–æ–≤–∞ –ï–≤–≥–µ–Ω–∏—è –ê–ª–µ–∫—Å–∞–Ω–¥—Ä–æ–≤–Ω–∞
üñ•Ô∏è–ü—Ä–æ–µ–∫—Ç:¬†–í 2018 –≥–æ–¥—É –Ω–∞ –∫–∞—Ñ–µ–¥—Ä–µ –ë–ò–¢ –ò–ö–¢–ò–ë –Æ–§–£ –Ω–∞—á–∞–ª–∞ —Å–≤–æ—é —Ä–∞–±–æ—Ç—É —à–∫–æ–ª–∞ –ø–æ–≤—ã—à–µ–Ω–∏—è IT-–≥—Ä–∞–º–æ—Ç–Ω–æ—Å—Ç–∏ –¥–ª—è —à–∫–æ–ª—å–Ω–∏–∫–æ–≤. –î–ª—è –ø–æ–≤—ã—à–µ–Ω–∏—è –∏–Ω—Ç–µ—Ä–µ—Å–∞ —à–∫–æ–ª—å–Ω–∏–∫–æ–≤ –∫ –ø—Ä–æ–≥—Ä–∞–º–º–µ –∫–æ–º–∞–Ω–¥–∞ —Ä–∞–∑—Ä–∞–±–æ—Ç–∞–ª–∞ —Å–µ—Ä–≤–∏—Å, –≥–¥–µ –≤ –∏–≥—Ä–æ–≤–æ–π —Ñ–æ—Ä–º–µ —à–∫–æ–ª—å–Ω–∏–∫–∏ —Å–º–æ–≥—É—Ç –∏–∑—É—á–∞—Ç—å –æ—Å–Ω–æ–≤—ã –∫–æ–º–ø—å—é—Ç–µ—Ä–Ω–æ–π –≥—Ä–∞–º–æ—Ç–Ω–æ—Å—Ç–∏ –∏ –æ—Å–Ω–æ–≤—ã –∏–Ω—Ñ–æ—Ä–º–∞—Ü–∏–æ–Ω–Ω–æ–π –±–µ–∑–æ–ø–∞—Å–Ω–æ—Å—Ç–∏.

ü§ñCreate Control Carry (CCC)
üôÜüèª‚Äç‚ôÇÔ∏è–ù–∞—Å—Ç–∞–≤–Ω–∏–∫:¬†–ï–ª—å–∫–∏–Ω –î–º–∏—Ç—Ä–∏–π –ú–∞–∫—Å–∏–º–æ–≤–∏—á
üñ•Ô∏è–ü—Ä–æ–µ–∫—Ç:¬†""–ü–ª–∞—Ç—Ñ–æ—Ä–º–∞ –¥–ª—è –ø–æ–∏—Å–∫–∞ –º–µ—Å—Ç–∞ –¥–ª—è –ø—Ä–æ—Ö–æ–∂–¥–µ–Ω–∏—è –ø—Ä–∞–∫—Ç–∏–∫–∏"" - –≤–µ–±-—Å–∞–π—Ç –¥–ª—è –≤—ã–±–æ—Ä–∞ –º–µ—Å—Ç–∞ –ø—Ä–æ—Ö–æ–∂–¥–µ–Ω–∏—è –ø—Ä–∞–∫—Ç–∏–∫ –æ–±—É—á–∞—é—â–∏—Ö—Å—è. –ü—Ä–æ–µ–∫—Ç –Ω–∞ –æ—Å–æ–±–æ–º –≤–Ω–∏–º–∞–Ω–∏–∏ —É —Ä—É–∫–æ–≤–æ–¥—Å—Ç–≤–∞ –ò–ö–¢–ò–ë –∏ —Ä–∞–∑—Ä–∞–±–∞—Ç—ã–≤–∞–µ—Ç—Å—è –ø—Ä–æ–µ–∫—Ç –≤–Ω–µ–¥—Ä–µ–Ω–∏—è —Å–µ—Ä–≤–∏—Å–∞.

ü§ñBrightMind
üíÅüèª‚Äç‚ôÇÔ∏è–ù–∞—Å—Ç–∞–≤–Ω–∏–∫:¬†–û–ª–µ–π–Ω–∏–∫–æ–≤ –ö–æ–Ω—Å—Ç–∞–Ω—Ç–∏–Ω –ê–Ω–∞—Ç–æ–ª—å–µ–≤–∏—á
üñ•Ô∏è–ü—Ä–æ–µ–∫—Ç:¬†–°–æ–∑–¥–∞–Ω–∏–µ –∏–Ω—Ç–µ—Ä–∞–∫—Ç–∏–≤–Ω–æ–≥–æ –º–∞–∫–µ—Ç–∞ —É—á–∞—Å—Ç–∫–∞ –≥–æ—Ä–æ–¥—Å–∫–æ–π —Å—Ä–µ–¥—ã - –ø–æ–ª–Ω–æ—Ñ—É–Ω–∫—Ü–∏–æ–Ω–∞–ª—å–Ω—ã–π –º–∞–∫–µ—Ç-—Ä–∞–±–æ—á–∏–π —Å—Ç–µ–Ω–¥, –≤ –∫–æ—Ç–æ—Ä–æ–º —Ä–æ–±–æ—Ç –ø–µ—Ä–µ–¥–≤–∏–≥–∞–µ—Ç—Å—è —Å–æ–≥–ª–∞—Å–Ω–æ –ø–æ—Å—Ç–∞–≤–ª–µ–Ω–Ω–æ–π –µ–º—É –∑–∞–¥–∞—á–µ –ø–µ—Ä–µ–º–µ—â–µ–Ω–∏—é –≤ –º–∞–∫–µ—Ç–µ —É—á–∞—Å—Ç–∫–∞ –≥–æ—Ä–æ–¥—Å–∫–æ–π —Å—Ä–µ–¥—ã.

üéÅ–ö–∞–∂–¥–æ–º—É —É—á–∞—Å—Ç–Ω–∏–∫—É –∫–æ–º–∞–Ω–¥ –±—É–¥—É—Ç –≤—Ä—É—á–µ–Ω—ã –ø–∞–º—è—Ç–Ω—ã–µ –ø–æ–¥–∞—Ä–∫–∏ –æ—Ç –ü—Ä–æ–µ–∫—Ç–Ω–æ–≥–æ –æ—Ñ–∏—Å–∞ –ò–ö–¢–ò–ë!

üèÖ–ü–æ–∑–¥—Ä–∞–≤–ª—è–µ–º —Å –æ—Ç–ª–∏—á–Ω—ã–º –∑–∞–≤–µ—Ä—à–µ–Ω–∏–µ–º —Ç–≤–æ—Ä—á–µ—Å–∫–æ–≥–æ –ø—Ä–æ–µ–∫—Ç–∞ –∏ –∂–µ–ª–∞–µ–º —É—Å–ø–µ—Ö–æ–≤ –≤ —Ä–∞–∑–≤–∏—Ç–∏–∏ –ø—Ä–æ–µ–∫—Ç–æ–≤!",18,0,0,1644,vk.com/wall-48632629_7703,5f00910eb54d3850c4041231
2020-06-16T08:22:35+03:00,7701,"}1 –°–†–û–ß–û! –°–¢–ò–ü–ï–ù–î–ò–Ø –ì–£–ë–ï–†–ù–ê–¢–û–†–ê –†–û–°–¢–û–í–°–ö–û–ô –û–ë–õ–ê–°–¢–ò

–í —Å–æ–æ—Ç–≤–µ—Ç—Å—Ç–≤–∏–∏ —Å –ø–∏—Å—å–º–æ–º –ú–∏–Ω–∏—Å—Ç–µ—Ä—Å—Ç–≤–∞ –æ–±—â–µ–≥–æ –∏ –ø—Ä–æ—Ñ–µ—Å—Å–∏–æ–Ω–∞–ª—å–Ω–æ–≥–æ –æ–±—Ä–∞–∑–æ–≤–∞–Ω–∏—è –†–æ—Å—Ç–æ–≤—Å–∫–æ–π –æ–±–ª–∞—Å—Ç–∏, 20 –∞—Å–ø–∏—Ä–∞–Ω—Ç–∞–º –∏ 33 —Å—Ç—É–¥–µ–Ω—Ç–∞–º –Æ–§–£ –±—É–¥–µ—Ç –Ω–∞–∑–Ω–∞—á–µ–Ω–∞ —Å—Ç–∏–ø–µ–Ω–¥–∏—è –ì—É–±–µ—Ä–Ω–∞—Ç–æ—Ä–∞ –†–æ—Å—Ç–æ–≤—Å–∫–æ–π –æ–±–ª–∞—Å—Ç–∏ –Ω–∞ –ø–µ—Ä–∏–æ–¥ —Å 01.08.2020 –≥. –ø–æ 31.12.2020 –≥. 

–ü—Ä–∏ –ø–æ–¥–≥–æ—Ç–æ–≤–∫–µ —É–∫–∞–∑–∞–Ω–Ω–æ–≥–æ –≤ —Ä–∞—Å–ø–æ—Ä—è–∂–µ–Ω–∏–∏ –ø–∞–∫–µ—Ç–∞ –¥–æ–∫—É–º–µ–Ω—Ç–æ–≤ –æ—Å–æ–±–æ–µ –≤–Ω–∏–º–∞–Ω–∏–µ –æ–±—Ä–∞—Ç–∏—Ç—å –Ω–∞ —Ç–æ, —á—Ç–æ –∫ —Å—Ç–∏–ø–µ–Ω–¥–∏–∏ –ø—Ä–µ–¥—Å—Ç–∞–≤–ª—è—é—Ç—Å—è –∞—Å–ø–∏—Ä–∞–Ω—Ç—ã –∏ —Å—Ç—É–¥–µ–Ω—Ç—ã –æ—á–Ω–æ–π —Ñ–æ—Ä–º—ã –æ–±—É—á–µ–Ω–∏—è (–∑–∞ –∏—Å–∫–ª—é—á–µ–Ω–∏–µ–º –æ–±—É—á–∞—é—â–∏—Ö—Å—è –≤—ã–ø—É—Å–∫–Ω—ã—Ö –∫—É—Ä—Å–æ–≤), –∏–º–µ—é—â–∏–µ –ø–æ—Å—Ç–æ—è–Ω–Ω—É—é —Ä–µ–≥–∏—Å—Ç—Ä–∞—Ü–∏—é –Ω–∞ —Ç–µ—Ä—Ä–∏—Ç–æ—Ä–∏–∏ –†–æ—Å—Ç–æ–≤—Å–∫–æ–π –æ–±–ª–∞—Å—Ç–∏. 

–°—Ç–∏–ø–µ–Ω–¥–∏—è –Ω–∞–∑–Ω–∞—á–∞–µ—Ç—Å—è –ø–æ —Ä–µ–∑—É–ª—å—Ç–∞—Ç–∞–º –ª–µ—Ç–Ω–µ–π –ø—Ä–æ–º–µ–∂—É—Ç–æ—á–Ω–æ–π –∞—Ç—Ç–µ—Å—Ç–∞—Ü–∏–∏ –∞—Å–ø–∏—Ä–∞–Ω—Ç–∞–º —Å–æ –≤—Ç–æ—Ä–æ–≥–æ –≥–æ–¥–∞ –æ–±—É—á–µ–Ω–∏—è, —Å—Ç—É–¥–µ–Ω—Ç–∞–º –±–∞–∫–∞–ª–∞–≤—Ä–∏–∞—Ç–∞, —Å–ø–µ—Ü–∏–∞–ª–∏—Ç–µ—Ç–∞ - —Å 3 –∫—É—Ä—Å–∞ –æ–±—É—á–µ–Ω–∏—è, —Å—Ç—É–¥–µ–Ω—Ç–∞–º –º–∞–≥–∏—Å—Ç—Ä–∞—Ç—É—Ä—ã ‚Äì —Å 1 –∫—É—Ä—Å–∞ –æ–±—É—á–µ–Ω–∏—è, –∑–∞ –∏—Å–∫–ª—é—á–µ–Ω–∏–µ –≤—ã–ø—É—Å–∫–Ω—ã—Ö –∫—É—Ä—Å–æ–≤.

–í–ê–ñ–ù–û!
–ü–µ—Ä–≤–∏—á–Ω—ã–µ –ø–∞–∫–µ—Ç –¥–æ–∫—É–º–µ–Ω—Ç–æ–≤ (—Ö–∞—Ä–∞–∫—Ç–µ—Ä–∏—Å—Ç–∏–∫—É –∏ —Å–ø–∏—Å–æ–∫ –Ω–∞—É—á–Ω—ã—Ö —Ç—Ä—É–¥–æ–≤ –≤ —Ñ–æ—Ä–º–∞—Ç–µ docx) –Ω–µ–æ–±—Ö–æ–¥–∏–º–æ –æ—Ç–ø—Ä–∞–≤–∏—Ç—å –¥–æ 10:00 17.06.2020 –≥. –Ω–∞ –ø–æ—á—Ç—É kumov@sfedu.ru (—Ç–µ–º–∞ –ø–∏—Å—å–º–∞ ""–°—Ç–∏–ø–µ–Ω–¥–∏—è –ì—É–±–µ—Ä–Ω–∞—Ç–æ—Ä–∞).
–ü–æ –∏—Ç–æ–≥–∞–º —Ä–∞—Å—Å–º–æ—Ç—Ä–µ–Ω–∏—è –±—É–¥—É—Ç –æ—Ç–æ–±—Ä–∞–Ω—ã –∫–∞–Ω–¥–∏–¥–∞—Ç—ã –¥–ª—è –≤—ã–¥–≤–∏–∂–µ–Ω–∏—è –æ—Ç –∏–Ω—Å—Ç–∏—Ç—É—Ç–∞ –¥–ª—è –Ω–∞–∑–Ω–∞—á–µ–Ω–∏—è —Å—Ç–∏–ø–µ–Ω–¥–∏–∏.",3,1,0,1542,vk.com/wall-48632629_7701,5f00910eb54d3850c4041232
2020-06-11T14:31:59+03:00,7698,"}1 –ö–û–ú–ê–ù–î–ï –ò–ö–¢–ò–ë –ù–£–ñ–ï–ù üëçüèª

–ù–∞—à [club47535294|—É–Ω–∏–≤–µ—Ä—Å–∏—Ç–µ—Ç] —Å–æ–≤–º–µ—Å—Ç–Ω–æ —Å [club164984229|–£–Ω–∏–≤–µ—Ä—Å–∏—Ç–µ—Ç–æ–º 20.35] –ø—Ä–æ–≤–æ–¥–∏—Ç –∏–Ω—Ç–µ–Ω—Å–∏–≤ SfeduNet2.0. 
–ö–æ–º–∞–Ω–¥–∞ ""46–∏"" #–ò–ö–¢–ò–ë –ø–æ–¥ —Ä—É–∫–æ–≤–æ–¥—Å—Ç–≤–æ–º [id830268|–ï–≤–≥–µ–Ω–∏–∏ –ê–ª–µ–∫—Å–∞–Ω–¥—Ä–æ–≤–Ω—ã –ò—â—É–∫–æ–≤–æ–π] —Å–¥–µ–ª–∞–ª–∞ –ø—Ä–æ–µ–∫—Ç ¬´–†–∞–∑—Ä–∞–±–æ—Ç–∫–∞ –∏ –∏—Å—Å–ª–µ–¥–æ–≤–∞–Ω–∏–µ –º–µ—Ç–æ–¥–∏–∫ –æ—Ü–µ–Ω–∫–∏ –Ω–∞–¥–µ–∂–Ω–æ—Å—Ç–∏ —Å–æ–≤—Ä–µ–º–µ–Ω–Ω—ã—Ö —Å–∏—Å—Ç–µ–º —Ä–∞—Å–ø—Ä–µ–¥–µ–ª–µ–Ω–Ω–æ–≥–æ —Ä–µ–µ—Å—Ç—Ä–∞¬ª.

–î–ª—è –ø–æ–±–µ–¥—ã –≤ –∫–æ–Ω–∫—É—Ä—Å–µ –∫–æ–º–∞–Ω–¥–µ –Ω—É–∂–Ω–∞ –ø–æ–¥–¥–µ—Ä–∂–∫–∞ –≤—Å–µ–≥–æ –∏–Ω—Å—Ç–∏—Ç—É—Ç–∞!
–î–ª—è —ç—Ç–æ–≥–æ –Ω–∞–¥–æ —Å–¥–µ–ª–∞—Ç—å –¥–≤–∞ –ø—Ä–æ—Å—Ç—ã—Ö –¥–µ–π—Å—Ç–≤–∏—è:
1) –ø—Ä–æ–π—Ç–∏ –ø–æ —Å—Å—ã–ª–∫–µ https://youtu.be/x0xW-uKGpRo
2) –ø–æ—Å—Ç–∞–≤–∏—Ç—å üëçüèª",16,2,0,1394,vk.com/wall-48632629_7698,5f00910eb54d3850c4041233
2020-06-11T11:05:43+03:00,7697,,4,0,0,1052,vk.com/wall-48632629_7697,5f00910eb54d3850c4041234
2020-06-11T10:00:09+03:00,7696,"}1 –ö–û–ú–ê–ù–î–ù–´–ï –ü–†–û–ï–ö–¢–´

üòç–ö–æ–º–∞–Ω–¥–∞ ""Dragon Union"" –ø—Ä–µ–¥—Å—Ç–∞–≤–ª—è–µ—Ç —É–≤–ª–µ–∫–∞—Ç–µ–ª—å–Ω—É—é –∏–≥—Ä—É –Ω–∞ Unity ""Just before I leave""! 
 
üë®‚Äçüíª–†—É–±—Ä–∏–∫–∞: #–ö–æ–º–∞–Ω–¥–Ω—ã–µ–ü—Ä–æ–µ–∫—Ç—ã 
üòé–ù–∞—Å—Ç–∞–≤–Ω–∏–∫: –ê–Ω—Ç–æ–Ω –ü–ª—ë–Ω–∫–∏–Ω 

""–ú—ã –≤–ø–µ—Ä–≤—ã–µ –æ—Ç–∫—Ä—ã–≤–∞–µ–º –¥–æ—Å—Ç—É–ø –∞—É–¥–∏—Ç–æ—Ä–∏–∏ –∫ –Ω–∞—à–µ–π –∏–≥—Ä–µ. –í –ø–æ–¥–≥–æ—Ç–æ–≤–∫–µ –≤–µ—Ä—Å–∏–∏ –¥–ª—è –ø–æ–ª—å–∑–æ–≤–∞—Ç–µ–ª–µ–π –Ω–∞–º –∞–∫—Ç–∏–≤–Ω–æ –ø–æ–º–æ–≥–∞–ª [club177747188|–ü—Ä–æ–µ–∫—Ç–Ω—ã–π –æ—Ñ–∏—Å –ò–ö–¢–ò–ë] –∏ [club108735564|–°–ö–ë ""–ö–ò–¢""]. –•–æ—Ç–∏–º –ø–æ–ª—É—á–∏—Ç—å –æ–±—Ä–∞—Ç–Ω—É—é —Å–≤—è–∑—å –∏, –∫–æ–Ω–µ—á–Ω–æ –∂–µ, –ø–æ–¥–∞—Ä–∏—Ç—å –ø–æ–ª–æ–∂–∏—Ç–µ–ª—å–Ω—ã–µ —ç–º–æ—Ü–∏–∏ –∫–∞–∂–¥–æ–º—É –∏–≥—Ä–æ–∫—É. –ù–µ–æ–±—ã—á–Ω—ã–π —Å—é–∂–µ—Ç –∑–∞–∏–Ω—Ç—Ä–∏–≥—É–µ—Ç –∏, –≤–æ–∑–º–æ–∂–Ω–æ, –æ–±–µ—Å–∫—É—Ä–∞–∂–∏—Ç –ø–æ–ª—å–∑–æ–≤–∞—Ç–µ–ª–µ–π!"" 
 
üìù–°—Å—ã–ª–∫–∞ –Ω–∞ –ø—Ä–∏–ª–æ–∂–µ–Ω–∏–µ: https://yadi.sk/d/dsnrU1kqkB4tMQ 
 
üì≤–§–æ—Ä–º–∞ –¥–ª—è –ø–æ–ª—É—á–µ–Ω–∏—è –æ–±—Ä–∞—Ç–Ω–æ–π —Å–≤—è–∑–∏: https://docs.google.com/forms/d/e/1FAIpQLSd3YK_fd9S0ltCHcqSYK_UHBAbb2-SDIsXmJI_Hg-5hjfX0KQ/viewform

–ü–æ–º–æ–∂–µ–º –∫–æ–º–∞–Ω–¥–µ –∑–∞–ø—É—Å—Ç–∏—Ç—å —Å–≤–æ—é –ø–µ—Ä–≤—É—é –∏–≥—Ä—É, –¥–æ–ø–æ–ª–Ω–∏–≤ –µ–µ –ø–æ–∂–µ–ª–∞–Ω–∏—è–º–∏ –∑–∞–∏–Ω—Ç–µ—Ä–µ—Å–æ–≤–∞–Ω–Ω—ã—Ö –ø–æ–ª—å–∑–æ–≤–∞—Ç–µ–ª–µ–π!",6,0,3,1296,vk.com/wall-48632629_7696,5f00910eb54d3850c4041235
2020-06-04T16:38:10+03:00,7694,"}1 –í–ê–ö–ê–ù–°–ò–Ø –û–¢ –ö–û–ú–ü–ê–ù–ò–ò WEBANT
 
üíÅ–ï—Å–ª–∏ —Ç—ã –∏–Ω—Ç–µ—Ä–µ—Å—É–µ—à—å—Å—è –º–æ–±–∏–ª—å–Ω–æ–π —Ä–∞–∑—Ä–∞–±–æ—Ç–∫–æ–π –ø–æ–¥ iOS, Android –∏–ª–∏ –∫—Ä–æ—Å—Å–ø–ª–∞—Ç—Ñ–æ—Ä–º—É, —Ö–æ—á–µ—à—å —Å—Ç–∞—Ç—å —á–∞—Å—Ç—å—é —Å–∏–ª—å–Ω–æ–π –∫–æ–º–∞–Ω–¥—ã, –≥–æ—Ç–æ–≤ —Ä–∞–∑–≤–∏–≤–∞—Ç—å—Å—è –∏ –≤—ã–ø–æ–ª–Ω—è—Ç—å –∏–Ω—Ç–µ—Ä–µ—Å–Ω—ã–µ –∑–∞–¥–∞—á–∏ ‚Äì —Å–∫–æ—Ä–µ–µ –ø–∏—à–∏ [https://vk.com/mylovushka|–ö—Å–µ–Ω–∏–∏]. 
 
üôãüèª‚Äç‚ôÇÔ∏è–¢–µ–±—è –∂–¥–µ—Ç: 
- –ú–æ–ª–æ–¥–æ–π –∫–æ–ª–ª–µ–∫—Ç–∏–≤;
- –ì—Ä–∞—Ñ–∏–∫ 5/2, –≥–∏–±–∫–æ–µ –≤—Ä–µ–º—è –ø—Ä–∏—Ö–æ–¥–∞ –Ω–∞ —Ä–∞–±–æ—Ç—É —Å 9 –¥–æ 11.00 (–¥–æ –æ–∫–æ–Ω—á–∞–Ω–∏—è –∫–æ—Ä–æ–Ω–∞–≤–∏—Ä—É—Å–∞ —Ä–∞–±–æ—Ç–∞ —É–¥–∞–ª–µ–Ω–Ω–∞—è); 
- –û–±—É—á–µ–Ω–∏–µ –∏ —Ä–æ—Å—Ç –≤–Ω—É—Ç—Ä–∏ –∫–æ–º–ø–∞–Ω–∏–∏;
- –£—á–∞—Å—Ç–∏–µ –≤ –∫–∞—á–µ—Å—Ç–≤–µ —ç–∫—Å–ø–µ—Ä—Ç–æ–≤ –Ω–∞ –º–∏—Ç–∞–ø–∞—Ö –∏ –∫–æ–Ω—Ñ–µ—Ä–µ–Ω—Ü–∏—è—Ö;
- –ö–æ—Ä–ø–æ—Ä–∞—Ç–∏–≤–Ω—ã–µ –∫—É—Ä—Å—ã –∞–Ω–≥–ª–∏–π—Å–∫–æ–≥–æ —è–∑—ã–∫–∞;
- –û—Ñ–∏—Å open space –≤ —Ü–µ–Ω—Ç—Ä–µ –≥–æ—Ä–æ–¥–∞;
- –ó–∞—Ä–ø–ª–∞—Ç–∞ –æ–ø—Ä–µ–¥–µ–ª—è–µ—Ç—Å—è –≤ –∑–∞–≤–∏—Å–∏–º–æ—Å—Ç–∏ –æ—Ç —Ç–≤–æ–µ–≥–æ –≥—Ä–µ–π–¥–∞.

üìù –ü–æ–¥—Ä–æ–±–Ω–µ–µ: http://webant.ru/",2,0,0,1208,vk.com/wall-48632629_7694,5f00910eb54d3850c4041236